,city,AQI,dominant_pollutant,O3,SO2,PM2.5,PM10,CO,NO2,NO,NOX,C6H6,NMHC
0,Tokyo,126,PM2.5,18,4,52,92,710,85,25,84,0,309
1,Delhi,193,PM2.5,9,4,126,245,915,52,8,29,3,0
2,Shanghai,136,PM2.5,54,2,43,63,634,15,0,0,0,0
3,Sao Paulo,92,PM2.5,4,1,30,53,350,35,0,0,1,0
4,Mexico City,125,PM2.5,5,40,60,93,5239,79,0,0,0,0
5,Dhaka,125,PM2.5,5,43,30,49,5426,85,0,0,0,0
6,Cairo,89,PM2.5,22,8,113,124,421,4,0,6,0,0
7,Beijing,85,PM2.5,35,1,33,82,150,29,0,0,0,0
8,Mumbai,183,PM2.5,1,3,115,250,128,49,6,35,6,0
9,Osaka,66,PM2.5,3,1,19,33,1015,34,78,133,0,0
10,Karachi,132,PM2.5,75,16,47,71,627,13,0,0,0,0
11,Chongqing,120,PM2.5,4,3,40,54,907,21,0,0,0,0
12,Istanbul,72,PM2.5,6,5,23,65,1783,58,0,0,0,0
13,Buenos Aires,60,PM2.5,6,9,17,28,225,25,0,0,0,0
14,Kolkata,188,PM2.5,46,9,109,220,596,25,7,29,11,0
15,Manila,69,PM2.5,28,0,20,51,181,25,0,0,0,0
16,Tianjin,129,PM2.5,20,3,46,99,655,36,0,0,0,0
17,Guangzhou,120,PM2.5,86,3,45,108,677,25,0,0,0,0
18,Rio de Janeiro,79,PM2.5,24,7,26,43,297,24,0,0,0,0
19,Lahore,255,PM2.5,31,4,141,263,392,18,11,52,1,0
20,Bangalore,95,PM2.5,9,3,34,168,444,49,7,25,0,0
21,Moscow,84,PM2.5,5,1,32,34,519,41,103,0,0,0
22,Shenzhen,80,PM2.5,80,2,27,57,326,14,0,0,0,0
23,Chennai,70,PM2.5,5,1,20,38,763,18,4,8,1,0
24,Bogota,67,PM2.5,1,1,18,32,774,35,54,90,0,0
25,Paris,79,PM2.5,10,3,28,59,234,42,0,0,0,0
26,Jakarta,82,O3,66,5,11,48,714,26,0,0,0,0
27,Lima,72,PM2.5,9,0,21,23,448,16,0,0,0,0
28,Bangkok,149,PM2.5,75,2,44,81,667,50,0,0,0,0
29,Hyderabad,129,PM2.5,7,1,45,173,613,39,4,17,2,0
30,Seoul,152,PM2.5,18,4,58,85,751,32,0,0,0,0
31,Nagoya,69,PM2.5,31,2,19,46,270,45,2,13,0,131
32,London,24,PM2.5,8,1,7,12,1223,22,3,24,0,0
33,Chengdu,99,PM2.5,18,2,34,40,651,23,0,0,0,0
34,Nanjing,152,PM2.5,39,2,59,151,765,49,0,0,0,0
35,Ho Chi Minh City,128,O3,102,8,33,83,518,47,0,0,0,0
36,Wuhan,170,PM2.5,17,3,93,165,800,47,0,0,0,0
37,Xi-an Shaanxi,223,PM10,14,8,162,365,507,20,16,36,18,0
38,Ahmedabad,147,PM2.5,27,9,52,172,602,26,5,18,3,0
39,New York City,70,PM2.5,1,2,19,52,1155,43,95,133,0,0
40,Kuala Lumpur,92,PM2.5,80,4,33,80,520,36,0,0,0,0
41,Hangzhou,96,PM2.5,45,4,32,130,951,44,0,0,0,0
42,Hong Kong,70,PM2.5,70,1,24,49,424,24,0,0,0,0
43,Surat,186,PM2.5,15,49,124,185,1523,35,6,20,9,0
44,Dongguan,84,PM2.5,78,3,23,49,277,11,0,0,0,0
45,Suzhou,69,PM2.5,27,0,17,34,177,25,0,0,0,0
46,Foshan,112,PM2.5,92,3,35,85,451,19,0,0,0,0
47,Riyadh,96,PM2.5,28,44,33,102,199,28,0,0,0,0
48,Shenyang,162,PM2.5,12,6,77,98,1466,26,0,0,0,0
49,Santiago,62,PM2.5,17,1,19,35,404,29,0,0,0,0
50,Pune,180,PM2.5,21,22,117,192,604,48,33,97,3,0
51,Madrid,50,PM2.5,10,2,12,26,411,45,5,6,0,0
52,Haerbin,97,PM2.5,24,10,33,41,559,16,0,0,0,0
53,Toronto,81,PM2.5,12,1,23,26,191,13,4,10,0,0
54,Belo Horizonte,67,PM2.5,12,1,19,39,225,19,0,0,0,0
55,Singapore,65,PM2.5,27,23,19,49,354,41,0,0,0,0
56,Johannesburg,88,PM2.5,30,5,31,60,765,52,14,33,0,0
57,Dalian,71,PM2.5,9,0,20,57,509,29,1,17,0,0
58,Barcelona,88,PM2.5,16,0,30,59,207,29,4,20,0,0
59,Fukuoka,85,PM2.5,43,1,27,44,1389,55,9,30,0,237
60,Ji-nan Shandong,162,PM2.5,31,4,55,115,656,33,0,0,0,0
61,Zhengzhou,152,PM2.5,31,3,58,110,710,29,0,0,0,0
62,Saint Petersburg,83,PM2.5,27,5,26,39,233,30,0,0,0,0
63,Alexandria,90,PM2.5,19,56,28,49,171,24,0,0,0,0
64,Guadalajara,63,PM2.5,11,2,18,26,558,26,0,0,0,0
65,Ankara,89,NO2,6,5,37,63,551,90,0,0,0,0
66,Chittagong,121,PM2.5,43,3,45,70,267,2,1,5,0,0
67,Melbourne,38,PM2.5,18,1,9,24,235,20,0,0,0,0
68,Addis Ababa,130,PM2.5,49,1,59,59,611,0,0,0,0,0
69,Sydney,38,PM2.5,10,0,9,34,62,23,0,0,0,0
70,Monterrey,64,PM2.5,10,6,15,22,800,26,0,0,0,0
71,Nairobi,38,PM2.5,48,1,8,13,254,1,0,0,0,0
72,Hanoi,143,PM2.5,78,13,46,102,558,45,0,0,0,0
73,Brasilia,143,PM2.5,14,0,5,7,184,4,0,0,0,0
74,Cape Town,58,PM2.5,12,3,17,48,710,37,5,7,0,0
75,Jiddah,151,PM2.5,20,125,63,122,171,59,0,0,0,0
76,Changsha,155,PM2.5,24,2,58,121,885,14,0,0,0,0
77,Kunming,34,PM2.5,33,3,6,15,378,5,0,0,0,0
78,Urumqi,127,PM2.5,6,2,48,110,1456,30,0,0,0,0
79,Changchun,121,PM2.5,9,4,44,63,610,20,0,0,0,0
80,Xinbei,72,PM2.5,40,2,24,45,282,48,3,13,0,0
81,Shantou,71,PM2.5,70,3,23,47,190,8,0,0,0,0
82,Hefei,163,PM2.5,32,2,81,160,813,45,0,0,0,0
83,Rome,63,PM2.5,26,0,19,19,189,20,0,0,0,0
84,Ningbo,108,PM2.5,79,6,39,70,696,22,0,0,0,0
85,Tel Aviv,108,PM2.5,79,6,39,70,696,22,0,0,0,0
86,Montreal,90,PM2.5,13,0,29,47,248,18,1,11,0,0
87,Shijiazhuang,108,PM2.5,8,3,38,151,1523,54,0,0,0,0
88,Recife,69,PM2.5,20,1,20,40,83,10,0,0,0,0
89,Porto Alegre,69,PM2.5,9,1,19,35,91,18,0,0,0,0
90,Fortaleza,66,PM2.5,19,0,17,37,79,8,0,0,0,0
91,Medellin,89,PM2.5,25,1,29,41,253,16,0,0,0,0
92,Jaipur,173,PM2.5,50,0,80,168,22,17,0,2,0,0
93,Los Angeles,68,PM2.5,1,0,21,64,1153,48,57,90,0,60
94,Taiyuan Shanxi,73,PM2.5,38,1,24,41,221,25,3,13,0,0
95,Nanning,124,PM2.5,73,4,49,81,610,19,0,0,0,0
96,Salvador,62,PM2.5,19,0,17,42,82,8,0,0,0,0
97,Xiamen,187,O3,143,8,24,40,694,15,0,0,0,0
98,Lucknow,169,PM2.5,32,2,93,257,504,27,2,21,2,0
99,Fuzhou Fujian,101,PM2.5,40,2,30,75,280,43,3,13,0,0
100,Changzhou,133,PM2.5,39,5,47,147,890,51,0,0,0,0
101,Kozhikode,102,PM2.5,4,2,35,63,786,43,38,60,0,0
102,Curitiba,44,PM2.5,17,0,12,17,69,8,0,0,0,0
103,Wenzhou,65,PM2.5,1,2,17,36,904,45,69,106,0,0
104,Nanchang,138,PM2.5,18,6,54,113,1039,9,0,0,0,0
105,Malappuram,71,PM2.5,8,2,20,36,542,15,25,43,0,0
106,Berlin,119,PM2.5,2,1,47,58,445,40,0,11,0,0
107,Faisalabad,175,PM2.5,67,6,42,62,494,6,0,0,0,0
108,Bekasi,106,O3,75,5,26,82,678,47,0,0,0,0
109,Kampala,159,PM2.5,42,0,66,66,276,0,0,0,0,0
110,Busan,83,PM2.5,32,3,27,42,399,23,0,6,0,0
111,Guiyang,27,PM2.5,17,5,8,23,449,13,0,0,0,0
112,Campinas,44,PM2.5,20,0,7,18,436,5,0,0,0,0
113,Wuxi,71,PM2.5,11,1,21,40,358,17,1,17,0,0
114,Puebla,96,PM2.5,14,70,34,51,1008,27,0,0,0,0
115,Thrissur,112,PM2.5,8,4,42,64,290,25,10,34,0,0
116,Kochi,85,PM2.5,15,5,26,38,1004,12,13,35,0,0
117,Kuwait City,146,PM2.5,37,14,52,203,210,32,0,0,0,0
118,Durban,72,PM2.5,54,2,11,45,441,35,0,0,0,0
119,Lanzhou,73,PM2.5,33,5,20,45,349,13,0,0,0,0
120,Kanpur,163,PM2.5,11,3,66,170,864,30,2,13,0,0
121,Athens,75,PM2.5,30,2,23,36,270,30,0,0,0,0
122,Milan,61,PM2.5,9,1,14,27,436,34,0,0,0,0
123,Indore,154,PM2.5,40,8,62,141,405,33,4,14,1,0
124,Guayaquil,31,PM2.5,16,2,8,12,105,3,0,0,0,0
125,Izmir,88,PM2.5,10,3,35,71,1024,54,0,0,0,0
126,Kiev,80,PM2.5,24,2,26,42,186,27,0,0,0,0
127,Surabaya,126,PM2.5,48,10,45,65,426,26,0,0,0,0
128,Lisbon,78,PM2.5,30,1,29,33,123,22,0,0,0,0
129,Caracas,35,PM2.5,19,7,9,14,187,10,0,0,0,0
130,Nagpur,159,PM2.5,26,12,88,163,987,35,5,30,0,0
131,Shizuoka,72,PM2.5,43,1,23,36,285,38,1,6,0,90
132,Dubai,148,PM2.5,31,13,59,98,490,75,0,0,0,0
133,Coimbatore,146,PM2.5,0,5,61,92,651,26,8,18,0,0
134,Incheon,152,PM2.5,36,4,51,82,737,17,0,0,0,0
135,Cali,54,PM2.5,17,0,13,23,146,8,0,0,0,0
136,Manchester,63,PM2.5,6,1,17,34,669,24,48,93,0,0
137,Goiania,64,PM2.5,21,1,17,24,140,3,0,0,0,0
138,Taibei,71,PM2.5,38,2,20,57,218,31,3,13,0,0
139,Thiruvananthapuram,97,PM2.5,9,4,27,73,1039,16,0,3,2,0
140,Chicago,25,PM10,15,0,5,25,279,17,0,0,0,0
141,Sapporo,72,PM2.5,10,1,27,47,493,62,14,42,0,152
142,Pretoria,79,PM2.5,34,28,28,42,1283,47,7,3,0,0
143,Birmingham,47,PM2.5,14,2,9,15,200,12,5,18,0,0
144,Yantai,47,PM2.5,14,2,9,15,200,12,5,18,0,0
145,Bandung,57,PM2.5,30,4,17,36,453,15,0,0,0,0
146,Vancouver,29,PM2.5,23,0,6,23,215,17,3,11,0,0
147,Patna,187,PM2.5,22,2,122,285,893,60,13,57,3,0
148,Luoyang,156,PM2.5,28,3,79,131,851,29,0,0,0,0
149,Bhopal,156,PM2.5,63,3,66,139,565,33,1,10,0,0
150,San Juan,30,PM2.5,19,0,7,19,81,0,0,0,0,0
151,Brisbane,43,PM10,21,2,9,43,69,23,0,0,0,0
152,Tangerang,92,PM2.5,62,3,33,67,546,48,0,0,0,0
153,Baku,40,PM2.5,16,2,10,17,156,14,0,0,0,0
154,Medan,87,PM2.5,57,1,29,59,313,27,0,0,0,0
155,Sendai,72,PM2.5,25,3,22,40,298,52,9,29,0,109
156,Houston,60,PM2.5,18,0,15,47,181,14,1,2,0,0
157,Manaus,52,PM2.5,11,1,12,29,137,10,0,0,0,0
158,Barranquilla,31,PM2.5,27,1,7,13,98,1,0,0,0,0
159,Maracaibo,23,O3,24,1,5,8,102,2,0,0,0,0
160,Gujranwala,222,PM2.5,77,5,100,117,538,7,11,52,1,0
161,Rawalpindi,93,PM2.5,62,6,33,57,662,10,17,36,0,0
162,Peshawar,129,PM2.5,100,3,48,70,958,5,0,0,0,0
163,Agra,157,PM2.5,58,7,52,128,463,32,3,16,2,0
164,Baotou,51,PM2.5,32,2,12,39,436,5,0,0,0,0
165,Vadodara,162,PM2.5,26,19,79,142,792,44,6,23,5,0
166,Kannur,162,PM2.5,26,19,79,142,792,44,6,23,5,0
167,Liuzhou,52,PM2.5,10,1,13,25,285,15,14,40,0,0
168,Visakhapatnam,52,PM2.5,10,1,13,25,285,15,14,40,0,0
169,Xuzhou,111,PM2.5,60,2,31,80,215,30,2,8,0,0
170,Daegu,158,PM2.5,37,2,71,101,456,29,0,6,0,0
171,Naples,54,PM2.5,33,2,11,17,196,14,0,0,0,0
172,Amman,91,PM10,33,1,32,144,216,9,4,13,1,0
173,Tijuana,77,PM2.5,16,0,25,25,738,39,5,24,0,0
174,Nashik,169,PM2.5,23,1,105,124,681,49,1,14,1,0
175,Vijayawada,91,PM2.5,38,6,30,78,341,18,1,5,1,0
176,Brussels,19,PM2.5,10,0,4,9,255,16,7,0,1,0
177,Hiroshima,52,PM2.5,29,2,12,16,411,19,8,27,0,70
178,Perth,54,PM2.5,15,1,13,29,61,25,0,0,0,0
179,Multan,151,PM2.5,57,17,51,92,343,5,0,0,0,0
180,Minsk,32,PM2.5,23,1,8,9,185,4,0,0,0,0
181,Baoding,61,PM2.5,12,0,18,25,290,9,0,5,0,0
182,Vienna,87,PM2.5,11,0,29,40,312,23,0,17,1,0
183,Kollam,52,PM10,12,0,3,76,908,19,0,2,1,0
184,Valencia,53,PM2.5,31,1,12,15,88,12,1,3,0,0
185,Rajkot,140,PM2.5,63,5,51,94,259,10,14,32,0,0
186,Haikou,61,PM2.5,56,2,17,38,349,3,0,0,0,0
187,Yancheng Jiangsu,101,PM2.5,71,1,37,96,280,36,1,10,0,0
188,Rabat,54,PM2.5,20,3,17,25,140,5,0,0,0,0
189,West Yorkshire,42,PM2.5,24,1,13,21,214,29,24,46,0,0
190,Quito,32,PM2.5,25,0,8,11,289,8,0,0,0,0
191,Hyderabad,129,PM2.5,7,1,45,173,613,39,4,17,2,0
192,Ludhiana,193,PM2.5,10,6,133,251,384,42,14,47,2,0
193,La Paz,28,O3,31,1,3,6,91,3,0,0,0,0
194,Davao City,71,PM2.5,28,1,26,30,135,9,0,0,0,0
195,Turin,97,PM2.5,27,1,31,33,363,15,0,3,1,0
196,Bucharest,69,PM2.5,11,3,22,28,311,39,4,0,1,0
197,Adana,74,PM2.5,19,6,25,47,578,37,0,0,0,0
198,Warsaw,97,PM2.5,2,1,34,36,1295,25,0,82,3,0
199,Hamburg,125,PM2.5,1,1,44,48,261,26,0,0,0,0
