,city,Country,avg_AQI,max_AQI,min_AQI,Population,area,density
0,Tokyo,Japan,59.91304347826087,126.0,24.0,37339804,6276.0,5949.61822817081
1,Delhi,India,205.87951807228916,329.0,63.0,31181376,1484.0,21011.708894878706
2,Shanghai,China,113.93975903614458,212.0,56.0,27795702,6340.0,4384.180126182965
3,Sao Paulo,Brazil,72.71686746987952,212.0,54.0,22237472,1521.0,14620.297172912558
4,Mexico City,Mexico,121.43636363636364,222.0,54.0,21918936,1485.0,14760.226262626262
5,Dhaka,Bangladesh,144.2439024390244,362.0,57.0,21741090,3064.0,7095.656005221932
6,Cairo,Egypt,88.78527607361963,202.0,47.0,21322750,3085.0,6911.750405186386
7,Beijing,China,124.90853658536585,214.0,52.0,20896820,16411.0,1273.3422704283712
8,Mumbai,India,168.9939024390244,234.0,56.0,20667656,6034.0,3425.199867417965
9,Osaka,Japan,49.88414634146341,181.0,21.0,19110616,223.0,85697.82959641256
10,Karachi,Pakistan,138.40243902439025,181.0,32.0,16459472,3780.0,4354.357671957672
11,Chongqing,China,142.5121951219512,183.0,73.0,16382376,82300.0,199.05681652490887
12,Istanbul,Turkey,104.32317073170732,181.0,72.0,15415197,5343.0,2885.1201572150476
13,Buenos Aires,Argentina,57.78395061728395,181.0,30.0,15257673,203.0,75160.95073891626
14,Kolkata,India,149.25,276.0,48.0,14974073,2061.0,7265.440562833576
15,Kinshasa,DR Congo,150.8,181.0,93.0,14970460,9965.0,1502.3040642247868
16,Manila,Philippines,65.95731707317073,86.0,51.0,14158573,4288.0,3301.9060167910447
17,Tianjin,China,148.44242424242424,217.0,53.0,13794450,11760.0,1172.9974489795918
18,Guangzhou,China,108.52409638554217,216.0,77.0,13635397,7434.0,1834.193839117568
19,Rio de Janeiro,Brazil,81.86144578313252,133.0,64.0,13544462,1255.0,10792.4
20,Lahore,Pakistan,201.3012048192771,500.0,82.0,13095166,1772.0,7390.048532731377
21,Bangalore,India,121.34939759036145,167.0,77.0,12764935,741.0,17226.632928475035
22,Moscow,Russia,82.94578313253012,161.0,65.0,12593252,2511.0,5015.233771405814
23,Shenzhen,China,86.34939759036145,143.0,41.0,12591696,2050.0,6142.290731707317
24,Chennai,India,113.17469879518072,175.0,44.0,11235018,426.0,26373.281690140844
25,Bogota,Colombia,49.602409638554214,92.0,21.0,11167392,1775.0,6291.488450704225
26,Paris,France,60.736196319018404,89.0,46.0,11078546,1054.0,10510.954459203036
27,Jakarta,Indonesia,83.83132530120481,168.0,41.0,10915364,6615.0,1650.0928193499622
28,Lima,Peru,74.90963855421687,117.0,54.0,10882757,2672.0,4072.8880988023952
29,Bangkok,Thailand,134.68072289156626,162.0,66.0,10722815,1569.0,6834.171446781389
30,Hyderabad,Pakistan,145.25301204819277,181.0,89.0,1886734,650.0,2902.6676923076925
32,Seoul,South Korea,81.3433734939759,154.0,52.0,9967677,6052.0,1647.005452742895
33,Nagoya,Japan,63.95180722891566,95.0,16.0,9565642,3264.0,2930.6501225490197
34,London,United Kingdom,32.19277108433735,89.0,2.0,9425622,1572.0,5995.942748091603
35,Chengdu,China,138.06024096385542,220.0,92.0,9305116,14378.0,647.1773542912783
36,Tehran,Iran,115.4,126.0,99.0,9259009,730.0,12683.57397260274
37,Nanjing,China,154.1341463414634,191.0,110.0,9143980,6596.0,1386.2916919345057
38,Ho Chi Minh City,Vietnam,130.21686746987953,174.0,84.0,8837544,2061.0,4287.988355167395
39,Luanda,Angola,134.0,153.0,105.0,8631876,113.0,76388.2831858407
40,Wuhan,China,178.16463414634146,310.0,134.0,8473405,8494.0,997.5753473039792
41,Xi-an Shaanxi,China,156.09036144578315,324.0,71.0,8274651,10097.0,819.5157967713183
42,Ahmedabad,India,158.45454545454547,221.0,91.0,8253226,464.0,17787.125
43,New York City,United States,66.82926829268293,192.0,26.0,8230290,7838.0,1050.0497575912223
44,Kuala Lumpur,Malaysia,116.57926829268293,192.0,38.0,8210745,243.0,33789.07407407407
45,Hangzhou,China,114.82530120481928,181.0,38.0,7845501,16847.0,465.69128034664925
46,Hong Kong,Hong Kong,76.14110429447852,178.0,41.0,7598189,1106.0,6869.971971066908
47,Surat,India,184.1939393939394,233.0,58.0,7489742,4742.0,1579.4479122733023
48,Dongguan,China,97.56626506024097,164.0,54.0,7451889,2465.0,3023.078701825558
49,Suzhou,China,73.06547619047619,113.0,66.0,1219579,8488.0,143.6827285579642
51,Foshan,China,108.39024390243902,151.0,67.0,7406751,3848.0,1924.831340956341
52,Riyadh,Saudi Arabia,147.32530120481928,164.0,92.0,7387817,1973.0,3744.45869234668
53,Shenyang,China,112.2710843373494,165.0,35.0,7373655,12942.0,569.7461752433936
54,Baghdad,Iraq,110.56756756756756,164.0,43.0,7323079,2042.0,3586.2286973555338
55,Dar es Salaam,Tanzania,122.5,138.0,116.0,7046892,1590.0,4432.007547169811
56,Santiago,Dominican Republic,71.38323353293413,93.0,58.0,672272,641.0,1048.786271450858
58,Pune,India,149.83132530120483,226.0,60.0,6807984,5162.0,1318.865555986052
59,Madrid,Spain,63.27710843373494,185.0,39.0,6668865,6043.0,1103.5685917590602
60,Haerbin,China,98.34939759036145,129.0,51.0,6526439,53068.0,122.9825695334288
61,Toronto,Canada,51.98192771084337,128.0,20.0,6254571,6302.0,992.4739765153919
62,Belo Horizonte,Brazil,62.28915662650602,85.0,47.0,6139774,3309.0,1855.4771834391054
63,Singapore,Singapore,70.79518072289157,98.0,43.0,5991801,7286.0,822.3718089486687
64,Khartoum,Sudan,70.28205128205128,99.0,43.0,5989024,1010.0,5929.726732673267
65,Johannesburg,South Africa,86.91515151515152,136.0,56.0,5926668,1645.0,3602.837689969605
66,Dalian,China,58.345454545454544,89.0,25.0,5775938,13237.0,436.3479640401904
67,Barcelona,Spain,73.96987951807229,110.0,42.0,5624498,1019.0,5519.625122669284
68,Fukuoka,Japan,67.60606060606061,97.0,51.0,5516158,3434.0,1606.336051252184
69,Ji-nan Shandong,China,146.71686746987953,221.0,61.0,5513597,10247.0,538.0693861618034
70,Zhengzhou,China,166.09638554216866,263.0,106.0,5510341,7533.0,731.4935616620204
71,Saint Petersburg,Russia,91.16969696969697,155.0,69.0,5504305,1439.0,3825.090340514246
72,Yangon,Myanmar,86.0,86.0,86.0,5421806,5988.0,905.4452237808952
73,Alexandria,Egypt,65.41463414634147,124.0,41.0,5381101,2679.0,2008.6229936543486
74,Abidjan,Ivory Coast,64.58333333333333,96.0,51.0,5354826,2119.0,2527.053327041057
75,Guadalajara,Mexico,70.50920245398773,98.0,56.0,5259296,1879.0,2798.986695050559
76,Ankara,Turkey,102.94578313253012,167.0,57.0,5215747,24521.0,212.7053138126504
77,Chittagong,Bangladesh,76.59638554216868,136.0,53.0,5132751,1681.0,3053.3914336704343
78,Melbourne,Australia,37.734939759036145,81.0,19.0,5061439,9992.0,506.54913931144915
79,Addis Ababa,Ethiopia,66.92682926829268,130.0,34.0,5005524,527.0,9498.148007590133
80,Sydney,Australia,47.18072289156626,96.0,25.0,4991654,12368.0,403.59427554980596
81,Monterrey,Mexico,72.66867469879519,116.0,29.0,4955506,3244.0,1527.5912453760789
82,Nairobi,Kenya,48.16867469879518,71.0,31.0,4922192,696.0,7072.114942528736
83,Hanoi,Vietnam,171.04819277108433,279.0,72.0,4874982,3359.0,1451.3194403096159
84,Brasilia,Brazil,49.71084337349398,82.0,18.0,4727902,5802.0,814.8745260255084
85,Cape Town,South Africa,62.19277108433735,93.0,31.0,4709990,4003.0,1176.6150387209593
86,Jiddah,Saudi Arabia,131.16867469879517,176.0,67.0,4696535,1600.0,2935.334375
87,Changsha,China,152.81927710843374,216.0,109.0,4694722,11819.0,397.21820797021746
88,Kunming,China,95.15151515151516,208.0,26.0,4550831,21501.0,211.656713641226
89,Urumqi,China,97.12048192771084,184.0,51.0,4543684,14577.0,311.70227070041847
90,Changchun,China,102.03012048192771,142.0,43.0,4520695,24734.0,182.77249939354735
91,Xinbei,Taiwan,73.57831325301204,125.0,59.0,4434905,4392.0,1009.768897996357
92,Shantou,China,78.46060606060605,125.0,52.0,4407928,2248.0,1960.8220640569396
93,Hefei,China,160.9939393939394,225.0,66.0,4371005,11434.0,382.281353856918
94,Kabul,Afghanistan,123.45,203.0,54.0,4335770,700.0,6193.957142857143
95,Rome,Italy,70.32716049382717,106.0,52.0,4278350,1285.0,3329.455252918288
96,Ningbo,China,101.38181818181818,155.0,45.0,4263843,9816.0,434.3768337408313
97,Tel Aviv,Israel,100.87878787878788,367.0,48.0,4263745,52.0,81995.09615384616
98,Montreal,Canada,56.53939393939394,173.0,21.0,4247446,4315.0,984.344380069525
99,Shijiazhuang,China,123.73939393939393,182.0,64.0,4199392,15849.0,264.96258439018237
100,Recife,Brazil,68.07272727272728,152.0,52.0,4174774,218.0,19150.339449541283
101,Yaounde,Cameroon,68.2,73.0,60.0,4164167,180.0,23134.26111111111
102,Porto Alegre,Brazil,62.82608695652174,75.0,39.0,4160682,4968.0,837.4963768115942
103,Fortaleza,Brazil,66.24096385542168,72.0,44.0,4119633,3138.0,1312.821223709369
104,Kano,Nigeria,66.6470588235294,70.0,62.0,4103015,499.0,8222.474949899799
105,Medellin,Colombia,87.4329268292683,126.0,64.0,4033783,382.0,10559.641361256545
106,Jaipur,India,120.85365853658537,184.0,41.0,4007505,467.0,8581.381156316917
107,Los Angeles,United States,82.12269938650307,156.0,28.0,3983540,1302.0,3059.5545314900155
108,Taiyuan Shanxi,China,78.71951219512195,111.0,29.0,3975985,6956.0,571.590713053479
109,Nanning,China,128.36363636363637,169.0,77.0,3974322,22189.0,179.11226283293524
110,Salvador,Brazil,59.63030303030303,114.0,43.0,3880314,21041.0,184.41680528491992
111,Douala,Cameroon,60.714285714285715,65.0,55.0,3793363,210.0,18063.633333333335
112,Xiamen,China,135.1829268292683,289.0,56.0,3790792,1701.0,2228.5667254556142
113,Lucknow,India,178.01807228915663,235.0,105.0,3764619,631.0,5966.115689381933
114,Fuzhou Fujian,China,78.19277108433735,114.0,62.0,3764559,12232.0,307.7631621975147
115,Changzhou,China,141.54819277108433,197.0,77.0,3749712,4385.0,855.1224629418472
116,Kozhikode,India,99.93975903614458,161.0,55.0,3742198,118.0,31713.542372881355
117,Curitiba,Brazil,46.842424242424244,60.0,14.0,3726050,432.0,8625.11574074074
118,Wenzhou,China,48.39156626506024,80.0,28.0,3725342,11784.0,316.1356076035302
119,Nanchang,China,129.92168674698794,189.0,57.0,3709958,7194.0,515.7016958576592
120,Ibadan,Nigeria,105.5,141.0,43.0,3649023,3080.0,1184.7477272727272
121,Malappuram,India,80.09146341463415,164.0,51.0,3608928,3554.0,1015.4552616769837
122,Berlin,Germany,111.23493975903614,149.0,60.0,3566791,8918.0,399.95413769903564
123,Faisalabad,Pakistan,174.33333333333334,333.0,74.0,3542020,1300.0,2724.630769230769
124,Antananarivo,Madagascar,159.5,189.0,142.0,3531887,8501.0,415.46723914833547
125,Bekasi,Indonesia,93.59146341463415,171.0,64.0,3510050,2105.0,1667.482185273159
126,Kumasi,Ghana,96.33333333333333,122.0,78.0,3490030,254.0,13740.27559055118
127,Kampala,Uganda,121.4390243902439,168.0,76.0,3469510,189.0,18357.195767195768
128,Busan,South Korea,60.579268292682926,153.0,23.0,3465946,770.0,4501.228571428572
129,Abuja,Nigeria,88.75,126.0,68.0,3464123,1769.0,1958.2379875635952
130,Guiyang,China,97.92682926829268,169.0,19.0,3407463,8034.0,424.1303211351755
131,Asuncion,Paraguay,99.73333333333333,169.0,19.0,3394309,117.0,29011.188034188035
132,Santo Domingo,Dominican Republic,102.85714285714286,169.0,19.0,3388809,1044.0,3245.985632183908
133,Campinas,Brazil,62.63803680981595,108.0,32.0,3343816,7957.0,420.23576724896316
134,Wuxi,China,53.28915662650602,92.0,27.0,3315113,4628.0,716.316551426102
135,Mashhad,Iran,57.0,82.0,29.0,3264101,328.0,9951.52743902439
136,Puebla,Mexico,92.26666666666667,183.0,53.0,3244710,546.0,5942.692307692308
137,Dakar,Senegal,77.0,90.0,46.0,3229800,83.0,38913.25301204819
138,Thrissur,India,96.0,163.0,63.0,3212604,1014.0,3168.248520710059
139,Kochi,India,92.06666666666666,190.0,17.0,3193029,9488.0,336.53341062394605
140,Kuwait City,Kuwait,131.6909090909091,169.0,37.0,3177315,200.0,15886.575
141,Durban,South Africa,80.96987951807229,153.0,46.0,3176254,2292.0,1385.8001745200697
142,Port Harcourt,Nigeria,81.3157894736842,148.0,46.0,3171076,369.0,8593.701897018971
143,Lanzhou,China,113.44848484848485,160.0,61.0,3153808,13087.0,240.98785053870253
144,Kanpur,India,174.26666666666668,295.0,98.0,3153425,260.0,12128.557692307691
145,Athens,Greece,86.48192771084338,197.0,60.0,3153255,3896.0,809.3570328542095
146,Milan,Italy,74.76829268292683,193.0,45.0,3144473,1818.0,1729.633113311331
147,Indore,India,161.79518072289156,191.0,55.0,3113445,525.0,5930.371428571429
148,Pyongyang,North Korea,146.14285714285714,190.0,74.0,3108108,2000.0,1554.054
149,Guayaquil,Ecuador,44.775757575757574,77.0,22.0,3042941,3445.0,883.2920174165457
150,Izmir,Turkey,87.83734939759036,163.0,54.0,3024020,11891.0,254.3116642839122
151,Kiev,Ukraine,81.36144578313252,109.0,58.0,3000604,839.0,3576.405244338498
152,Guatemala City,Guatemala,96.0,109.0,84.0,2983174,220.0,13559.881818181819
153,Surabaya,Indonesia,104.04294478527608,188.0,62.0,2972091,3268.0,909.452570379437
154,Lisbon,Portugal,77.69090909090909,106.0,67.0,2971587,100.0,29715.87
155,Caracas,Venezuela,32.024096385542165,50.0,20.0,2945858,433.0,6803.367205542725
156,Nagpur,India,150.89156626506025,187.0,38.0,2940487,3935.0,747.2648030495553
157,Shizuoka,Japan,44.95757575757576,72.0,8.0,2930341,7777.0,376.7958081522438
158,Dubai,United Arab Emirates,133.16969696969696,160.0,41.0,2921376,35.0,83467.88571428572
159,Ouagadougou,Burkina Faso,126.22222222222223,140.0,109.0,2914619,520.0,5605.036538461539
160,Coimbatore,India,113.8132530120482,166.0,68.0,2860445,2468.0,1159.0133711507294
161,Port-au-Prince,Haiti,119.22222222222223,153.0,96.0,2843925,3604.0,789.1023862375139
162,Incheon,South Korea,100.74096385542168,152.0,58.0,2818288,1063.0,2651.2587017873943
163,Cali,Colombia,57.40963855421687,121.0,36.0,2809508,423970.0,6.626666981154327
164,Algiers,Algeria,78.25,121.0,53.0,2809158,363.0,7738.727272727273
165,Manchester,United Kingdom,47.51204819277108,72.0,22.0,2750120,1156.0,2378.9965397923875
166,Goiania,Brazil,62.403614457831324,96.0,27.0,2747887,7288.0,377.04267288693745
167,Taibei,Taiwan,73.62048192771084,97.0,32.0,2731208,2718.0,1004.8594554819721
168,Bamako,Mali,71.0,83.0,60.0,2713230,245.0,11074.408163265307
169,Thiruvananthapuram,India,96.62345679012346,159.0,33.0,2690703,214.0,12573.378504672897
170,Chicago,United States,58.224242424242426,147.0,25.0,2679080,6061.0,442.01946873453227
171,Sapporo,Japan,61.190184049079754,121.0,21.0,2670121,1121.0,2381.9099018733273
172,Pretoria,South Africa,82.31901840490798,151.0,40.0,2655282,6875.0,386.22283636363636
173,Mbuji-Mayi,DR Congo,80.46666666666667,146.0,55.0,2642794,1351.0,1956.176165803109
174,Birmingham,United Kingdom,43.91463414634146,146.0,25.0,2626374,2678.0,980.7221807318895
175,Yantai,China,96.02424242424243,171.0,19.0,2609465,13740.0,189.91739446870452
176,Bandung,Indonesia,96.19393939393939,161.0,44.0,2606850,1673.0,1558.1888822474596
177,Vancouver,Canada,37.27878787878788,124.0,3.0,2606351,115.0,22663.921739130434
178,Accra,Ghana,44.5,129.0,2.0,2556972,2257.0,1132.9073992024812
179,Tashkent,Uzbekistan,80.75,99.0,45.0,2545159,3348.0,760.2028076463561
180,Patna,India,180.56441717791412,271.0,87.0,2481530,250.0,9926.12
181,Brazzaville,Republic of the Congo,174.6153846153846,209.0,94.0,2469630,2639.0,935.8203865100417
182,Luoyang,China,165.5060975609756,260.0,137.0,2461883,15229.0,161.65756123186026
183,Bhopal,India,171.24096385542168,217.0,128.0,2446882,463.0,5284.842332613391
184,San Juan,Argentina,28.208333333333332,41.0,16.0,541366,1994.0,271.4974924774323
186,Damascus,Syria,54.125,180.0,17.0,2439814,105.0,23236.32380952381
187,Brisbane,Australia,46.43975903614458,63.0,28.0,2439467,15826.0,154.14299254391508
188,Beirut,Lebanon,46.666666666666664,53.0,28.0,2434609,198.0,12296.005050505051
189,Tangerang,Indonesia,99.93373493975903,173.0,65.0,2397447,1646.0,1456.5291616038883
190,Mogadishu,Somalia,100.8,165.0,80.0,2387920,637.0,3748.697017268446
191,Baku,Azerbaijan,29.963636363636365,44.0,20.0,2370776,2140.0,1107.8392523364487
192,Medan,Indonesia,86.42168674698796,126.0,26.0,2368348,2651.0,893.3791022255753
193,Sendai,Japan,52.92168674698795,73.0,19.0,2334959,7858.0,297.1441842708068
194,Houston,United States,57.3855421686747,87.0,40.0,2323660,1733.0,1340.8309290248126
195,Manaus,Brazil,53.963855421686745,66.0,46.0,2302374,11401.0,201.944917112534
196,Barranquilla,Colombia,47.09036144578313,74.0,30.0,2299186,154.0,14929.77922077922
197,Maracaibo,Venezuela,26.759036144578314,46.0,16.0,2296118,550.0,4174.76
198,Gujranwala,Pakistan,182.18072289156626,373.0,19.0,2290461,240.0,9543.5875
199,Rawalpindi,Pakistan,124.58433734939759,258.0,73.0,2280733,259.0,8805.918918918918
200,Peshawar,Pakistan,148.62424242424242,302.0,81.0,2272812,215.0,10571.218604651163
201,Agra,India,161.8121212121212,290.0,64.0,2261561,121.0,18690.586776859505
202,Baotou,China,95.03030303030303,176.0,29.0,2238823,27768.0,80.62600835494094
203,Vadodara,India,167.0843373493976,210.0,91.0,2232521,2203.0,1013.4003631411712
204,Kannur,India,119.65454545454546,184.0,71.0,2226693,7835.0,284.1982131461391
205,Liuzhou,China,39.21084337349398,91.0,21.0,2226508,18677.0,119.21122235905123
206,Visakhapatnam,India,86.60843373493977,172.0,45.0,2225906,682.0,3263.791788856305
207,Xuzhou,China,119.31927710843374,154.0,83.0,2193219,11259.0,194.79696243005594
208,Daegu,South Korea,115.21084337349397,165.0,56.0,2190571,8835.0,247.9423882286361
209,Naples,Italy,70.89759036144578,162.0,30.0,2182885,119.0,18343.571428571428
210,Amman,Jordan,100.57228915662651,314.0,52.0,2182151,1680.0,1298.8994047619049
211,Tijuana,Mexico,80.1566265060241,138.0,40.0,2181104,637.0,3424.0251177394034
212,Esfahan,Iran,86.8,170.0,54.0,2176927,551.0,3950.8656987295826
213,Phnom Penh,Cambodia,99.75,135.0,61.0,2143591,679.0,3156.982326951399
214,Nashik,India,161.8121212121212,197.0,65.0,2123018,2642.0,803.5647236941711
215,Vijayawada,India,98.36144578313252,180.0,40.0,2104113,6188.0,340.03118939883643
216,Brussels,Belgium,34.765060240963855,180.0,15.0,2095688,3261.0,642.6519472554431
217,Hiroshima,Japan,36.51807228915663,98.0,16.0,2077569,9067.0,229.1352156170729
218,Perth,Australia,50.096969696969694,153.0,16.0,2067333,6418.0,322.1148332813961
219,Multan,Pakistan,159.86746987951807,215.0,26.0,2059534,286.0,7201.167832167832
220,Minsk,Belarus,50.795180722891565,186.0,27.0,2038822,3488.0,584.5246559633027
221,Baoding,China,65.28915662650603,170.0,25.0,2019960,22185.0,91.05070993914808
222,Aleppo,Syria,63.05555555555556,90.0,26.0,2003671,190.0,10545.636842105263
223,Taizhou Zhejiang,China,71.16666666666667,82.0,62.0,1992626,9411.0,211.733715864414
224,Conakry,Guinea,67.0,67.0,67.0,1991134,450.0,4424.742222222222
225,Vienna,Austria,81.40490797546012,104.0,56.0,1944910,4146.0,469.10516160154367
226,Kollam,India,103.47272727272727,153.0,44.0,1940571,7303.0,265.722442831713
227,Valencia,Spain,62.07142857142857,84.0,37.0,835341,1346.0,620.609955423477
229,Rajkot,India,137.71686746987953,160.0,56.0,1933522,686.0,2818.545189504373
230,Haikou,China,77.644578313253,150.0,51.0,1931705,2237.0,863.5248100134108
231,Almaty,Kazakhstan,63.75,68.0,58.0,1927623,682.0,2826.426686217009
232,Yancheng Jiangsu,China,101.93333333333334,130.0,74.0,1907903,16921.0,112.75356066426335
233,Rabat,Morocco,42.81927710843374,90.0,30.0,1907071,117.0,16299.752136752137
234,West Yorkshire,United Kingdom,58.33734939759036,81.0,30.0,1901947,2029.0,937.381468703795
235,Quito,Ecuador,40.66265060240964,56.0,24.0,1900571,3724.0,510.3574113856069
236,Panama City,Panama,43.375,55.0,38.0,1899081,75517.0,25.147728326072276
237,Ludhiana,India,165.2710843373494,196.0,109.0,1885456,159.0,11858.213836477988
238,La Paz,Bolivia,37.60843373493976,190.0,25.0,1881796,472.0,3986.85593220339
239,Lome,Togo,96.75,185.0,30.0,1874394,333.0,5628.810810810811
240,Davao City,Philippines,74.02439024390245,85.0,56.0,1866401,2444.0,763.6665302782324
241,Turin,Italy,84.37349397590361,124.0,54.0,1795235,1302.0,1378.8287250384024
242,Bucharest,Romania,84.80722891566265,124.0,58.0,1794248,228.0,7869.508771929824
243,Adana,Turkey,98.84939759036145,204.0,58.0,1792565,1945.0,921.6272493573265
244,Warsaw,Poland,93.31927710843374,132.0,71.0,1789620,5172.0,346.02088167053364
245,Hamburg,Germany,104.68072289156626,151.0,65.0,1788995,7552.0,236.8902277542373
246,Benin City,Nigeria,104.75,151.0,76.0,1781999,1204.0,1480.0656146179401
247,Budapest,Hungary,103.48387096774194,151.0,81.0,1771865,5252.0,337.3695734958111
248,Madurai,India,117.59627329192547,163.0,71.0,1765534,148.0,11929.283783783783
249,Montevideo,Uruguay,104.0,109.0,99.0,1759906,200.0,8799.53
250,Quanzhou,China,61.22360248447205,120.0,36.0,1755721,11219.0,156.49532043854177
251,Palembang,Indonesia,82.35802469135803,104.0,61.0,1753269,4006.0,437.66075886170745
252,Santa Cruz,Bolivia,53.16564417177914,87.0,13.0,1748540,41.0,42647.31707317073
253,Gaziantep,Turkey,137.6273291925466,221.0,72.0,1739687,6819.0,255.12347851591142
254,Sharjah,United Arab Emirates,116.9877300613497,153.0,80.0,1736799,2355.0,737.4942675159235
255,Phoenix,United States,69.8625,134.0,26.0,1733630,1338.0,1295.6875934230195
256,Lyon,France,61.93037974683544,99.0,39.0,1733581,4787.0,362.1435136828912
257,Meerut,India,190.40993788819875,270.0,55.0,1728435,450.0,3840.9666666666667
258,Jiangmen,China,114.40993788819875,166.0,65.0,1713021,9443.0,181.40643863179073
259,Can Tho,Vietnam,91.25308641975309,152.0,51.0,1703487,1439.0,1183.7991660875607
260,Raipur,India,123.92592592592592,193.0,34.0,1702048,226.0,7531.185840707964
261,Mosul,Iraq,144.85714285714286,159.0,115.0,1683029,180.0,9350.16111111111
262,Glasgow,United Kingdom,39.42944785276074,60.0,19.0,1680669,175.0,9603.822857142857
263,Novosibirsk,Russia,42.833333333333336,55.0,27.0,1675866,5027.0,333.37298587626816
264,Stockholm,Sweden,61.29375,88.0,47.0,1656571,188.0,8811.547872340425
265,Auckland,New Zealand,42.0,62.0,23.0,1630092,1086.0,1501.0055248618785
266,Jamshedpur,India,158.32919254658384,205.0,68.0,1629621,224.0,7275.09375
267,Tabriz,Iran,161.25,177.0,122.0,1627304,324.0,5022.543209876543
268,Yinchuan,China,95.0125,157.0,39.0,1626584,8875.0,183.27707042253522
269,Jilin,China,80.05625,146.0,34.0,1623240,27166.0,59.75263196642862
270,Srinagar,India,124.4223602484472,173.0,42.0,1622454,294.0,5518.551020408163
271,Batam,Indonesia,63.192546583850934,156.0,38.0,1617168,1595.0,1013.8984326018809
272,Ulaanbaatar,Mongolia,222.11801242236024,461.0,43.0,1615094,4704.0,343.34481292517006
273,Marseille,France,65.61490683229813,387.0,39.0,1613797,2406.0,670.738570241064
274,Makassar,Indonesia,57.65,91.0,23.0,1612249,1758.0,917.0927189988623
275,Aurangabad,India,151.6024844720497,163.0,86.0,1599927,139.0,11510.26618705036
276,Muscat,Oman,148.125,161.0,110.0,1589865,3500.0,454.2471428571429
277,Philadelphia,United States,74.7051282051282,106.0,32.0,1585010,367.0,4318.828337874659
278,Qiqihaer,China,87.5875,175.0,33.0,1583663,42206.0,37.522224328294556
279,Xining,China,27.829113924050635,47.0,14.0,1583164,7596.0,208.42074776197998
280,San Antonio,United States,60.28125,95.0,22.0,1581730,1307.0,1210.1989288446825
281,Calgary,Canada,43.5,74.0,10.0,1580659,8253.0,191.52538470859082
282,Daejon,South Korea,28.23125,53.0,26.0,1569459,5398.0,290.7482400889218
283,Monrovia,Liberia,79.49375,151.0,25.0,1569013,3559.0,440.8578252318067
284,Tiruppur,India,86.97452229299363,156.0,44.0,1558993,1596.0,976.812656641604
285,Munich,Germany,28.305732484076433,107.0,12.0,1553373,3107.0,499.95912455745093
286,Harare,Zimbabwe,21.3,26.0,17.0,1541824,9606.0,160.50635019779304
287,Ciudad Juarez,Mexico,69.79746835443038,167.0,30.0,1539758,3212.0,479.3767123287671
288,Kananga,DR Congo,52.075949367088604,118.0,34.0,1524234,743.0,2051.4589502018844
289,Gwangju,South Korea,84.68125,155.0,35.0,1523822,5012.0,304.0347166799681
290,Suqian,China,133.2375,198.0,56.0,1520240,8555.0,177.7019286966686
291,Yekaterinburg,Russia,63.24528301886792,165.0,49.0,1513142,468.0,3233.209401709402
292,Abu Dhabi,United Arab Emirates,84.5126582278481,132.0,53.0,1511768,972.0,1555.3168724279835
293,Jodhpur,India,153.54716981132074,372.0,52.0,1509826,2335.0,646.6064239828694
294,Edmonton,Canada,56.49367088607595,172.0,21.0,1491076,6844.0,217.86616014026885
295,Tegucigalpa,Honduras,65.57575757575758,156.0,33.0,1485300,1502.0,988.8814913448736
296,Onitsha,Nigeria,77.0,77.0,77.0,1482971,52.0,28518.673076923078
297,N-Djamena,Chad,77.0,77.0,77.0,1476115,104.0,14193.413461538461
298,Ranchi,India,158.4551282051282,178.0,120.0,1474748,1751.0,842.2318675042833
299,Kathmandu,Nepal,132.5375,171.0,62.0,1471867,4945.0,297.6475227502528
300,Jabalpur,India,155.71698113207546,300.0,85.0,1471644,367.0,4009.9291553133517
301,Mandalay,Myanmar,181.0,181.0,181.0,1469193,1638.0,896.9432234432235
302,Asansol,India,152.0188679245283,193.0,72.0,1453747,326.0,4459.3466257668715
303,Kota,India,168.4493670886076,280.0,70.0,1430870,5704.0,250.8537868162693
304,San Diego,United States,63.503184713375795,177.0,27.0,1427720,9645.0,148.02695697252463
305,Kharkiv,Ukraine,85.9375,115.0,64.0,1425987,350.0,4074.2485714285713
306,San Jose,United States,63.01875,89.0,21.0,1009340,4697.0,214.89035554609325
308,Allahabad,India,168.94267515923568,216.0,40.0,1415463,365.0,3877.980821917808
309,Gwalior,India,128.6375,187.0,23.0,1409820,289.0,4878.269896193771
310,Ottawa,Canada,50.81012658227848,112.0,28.0,1407928,2790.0,504.6336917562724
311,Zurich,Switzerland,23.81761006289308,44.0,13.0,1407572,8788.0,160.16977696859354
312,Belgrade,Serbia,89.74375,130.0,62.0,1401786,360.0,3893.85
313,Amritsar,India,171.46835443037975,384.0,95.0,1400311,139.0,10074.179856115108
314,Joao Pessoa,Brazil,52.276729559748425,194.0,44.0,1393345,2115.0,658.7919621749409
315,Basra,Iraq,51.2,59.0,44.0,1381731,181.0,7633.8729281767955
316,Nouakchott,Mauritania,51.0,51.0,51.0,1372244,1036.0,1324.5598455598456
317,Queretaro,Mexico,101.30817610062893,154.0,53.0,1364446,363.0,3758.8044077134987
318,Taian Shandong,China,74.54375,143.0,33.0,1364154,7762.0,175.7477454264365
319,Homs,Syria,70.57142857142857,90.0,46.0,1362480,48.0,28385.0
320,Copenhagen,Denmark,64.41772151898734,81.0,48.0,1358608,8825.0,153.9499150141643
321,Konya,Turkey,131.29299363057325,277.0,38.0,1356280,38873.0,34.89002649654002
322,Dhanbad,India,160.96835443037975,195.0,66.0,1348238,275.0,4902.683636363637
323,Dallas,United States,61.554140127388536,177.0,35.0,1347120,6204.0,217.13733075435204
324,Ganzhou,China,101.74842767295597,134.0,36.0,1347065,7434.0,181.20325531342482
325,Adelaide,Australia,40.9375,108.0,14.0,1345445,3260.0,412.7131901840491
326,Hai Phong,Vietnam,128.48125,198.0,48.0,1341015,1562.0,858.5243277848912
327,Mombasa,Kenya,46.63694267515923,152.0,20.0,1340913,2947.0,455.0095011876485
328,Cochabamba,Bolivia,57.166666666666664,104.0,21.0,1336752,291.0,4593.649484536082
329,Jiaxing,China,113.9367088607595,175.0,42.0,1318418,4009.0,328.86455475180844
330,Helsinki,Finland,63.99363057324841,109.0,44.0,1316757,2138.0,615.8826005612722
331,Porto,Portugal,72.13924050632912,114.0,52.0,1316445,4142.0,317.828343795268
332,Zhanjiang,China,98.57594936708861,155.0,53.0,1315369,13225.0,99.46079395085066
333,Kisangani,DR Congo,105.5,111.0,100.0,1312353,1910.0,687.0958115183246
334,Prague,Czech Republic,94.08974358974359,139.0,61.0,1312199,496.0,2645.5625
335,Dongying,China,121.70625,178.0,40.0,1311494,7923.0,165.52997601918466
336,Mianyang Sichuan,China,78.20754716981132,156.0,68.0,1300725,20267.0,64.17945428529136
337,Nanchong,China,133.11949685534591,182.0,69.0,1299462,12480.0,104.1235576923077
338,Fushun Liaoning,China,133.16875,182.0,71.0,1288357,11272.0,114.2971078779276
339,Antalya,Turkey,88.275,157.0,56.0,1287439,1417.0,908.5666901905435
340,Bareilly,India,173.0,215.0,85.0,1285964,106.0,12131.735849056604
341,Kazan,Russia,38.0251572327044,194.0,16.0,1279794,5158.0,248.11826289259403
342,Ad-Dammam,Saudi Arabia,140.0126582278481,173.0,19.0,1279092,800.0,1598.865
343,Port Elizabeth,South Africa,65.3375,158.0,36.0,1266533,251.0,5045.948207171315
344,Ahvaz,Iran,33.0375,82.0,23.0,1261042,185.0,6816.443243243243
345,Florianopolis,Brazil,59.3,73.0,24.0,1259112,6754.0,186.4246372519988
346,Nizhniy Novgorod,Russia,65.76729559748428,91.0,53.0,1255073,460.0,2728.419565217391
347,Pointe-Noire,Republic of the Congo,69.88888888888889,80.0,58.0,1253939,437.0,2869.425629290618
348,Dublin,Ireland,68.9375,152.0,28.0,1241953,1178.0,1054.2894736842106
349,Maoming,China,40.13125,73.0,17.0,1238809,11425.0,108.42967177242889
350,Freetown,Sierra Leone,27.5,28.0,27.0,1236425,8148.0,151.74582719685813
351,San Luis Potosi,Mexico,66.14102564102564,99.0,43.0,1235426,385.0,3208.8987012987013
352,Mysore,India,101.55414012738854,155.0,61.0,1234992,155.0,7967.690322580645
353,Chelyabinsk,Russia,57.21518987341772,95.0,22.0,1232887,530.0,2326.201886792453
354,Moradabad,India,176.57861635220127,239.0,67.0,1232190,79.0,15597.341772151898
355,Barquisimeto,Venezuela,31.961783439490446,175.0,21.0,1227444,353.0,3477.1784702549576
356,Durg-Bhilainagar,India,131.11949685534591,211.0,27.0,1225129,182.0,6731.478021978022
357,Maracay,Venezuela,33.63125,73.0,22.0,1216288,3116.0,390.3363286264442
358,Astana,Kazakhstan,36.0,73.0,23.0,1211789,722.0,1678.3781163434903
359,Ruian,China,33.1656050955414,55.0,16.0,1208306,17130000.0,0.07053741973146527
360,Uyo,Nigeria,27.75,29.0,27.0,1199929,362.0,3314.720994475138
361,Zhenjiang Jiangsu,China,163.5506329113924,192.0,130.0,1199515,3837.0,312.6179306750065
362,Baoji,China,116.58227848101266,209.0,65.0,1197824,18712.0,64.01368106028217
363,Bhubaneswar,India,123.625,170.0,53.0,1194431,422.0,2830.405213270142
364,Pingdingshan Henan,China,123.56875,170.0,53.0,1193224,7882.0,151.3859426541487
365,Mendoza,Argentina,51.18125,160.0,32.0,1191470,54.0,22064.25925925926
366,Chiang Mai,Thailand,85.3125,118.0,53.0,1182498,4022.0,294.007458975634
367,Mwanza,Tanzania,97.42857142857143,114.0,79.0,1182011,9467.0,124.85592056617725
368,Tiruchirappalli,India,97.16352201257861,162.0,42.0,1181912,1672.0,706.8851674641148
369,Omsk,Russia,102.4,134.0,62.0,1181590,573.0,2062.1116928446772
370,Huaibei,China,91.01875,141.0,61.0,1174248,2741.0,428.401313389274
371,Lilongwe,Malawi,79.8,101.0,66.0,1170870,7278.0,160.8779884583677
372,Jinhua,China,61.1437908496732,89.0,28.0,1170332,10926.0,107.11440600402709
373,Kigali,Rwanda,50.0,50.0,50.0,1169889,730.0,1602.5876712328768
374,Chandigarh,India,156.33333333333334,182.0,88.0,1169244,114.0,10256.526315789473
375,Islamabad,Pakistan,118.78481012658227,176.0,71.0,1163584,9065.0,128.3600661886376
376,Amsterdam,Netherlands,62.69871794871795,153.0,26.0,1157519,2193.0,527.8244414044688
377,Haifa,Israel,68.0506329113924,155.0,35.0,1155006,6366.0,181.43355325164939
378,Guilin,China,129.0,181.0,55.0,1154702,27797.0,41.54052595603842
379,Krasnoyarsk,Russia,124.5,160.0,113.0,1148957,348.0,3301.6005747126437
380,Mexicali,Mexico,80.76129032258065,174.0,29.0,1140298,1137.0,1002.9006156552331
381,Ufa,Russia,65.99367088607595,168.0,38.0,1139561,7079.0,160.97768046334227
382,Rostov-on-Don,Russia,79.4873417721519,104.0,55.0,1137147,354.0,3212.2796610169494
383,Hubli-Dharwad,India,112.14649681528662,157.0,62.0,1136923,404.0,2814.1658415841584
384,Guwahati,India,152.82911392405063,187.0,53.0,1135065,216.0,5254.930555555556
385,Kaduna,Nigeria,144.6,179.0,104.0,1133430,431.0,2629.767981438515
386,Liupanshui,China,132.35256410256412,193.0,64.0,1131854,9926.0,114.0292161998791
387,Quetta,Pakistan,61.5859872611465,91.0,39.0,1129361,178.0,6344.724719101124
388,Cologne,Germany,53.3421052631579,89.0,24.0,1128652,4052.0,278.54195459032576
389,Aguascalientes,Mexico,62.48701298701299,107.0,27.0,1124909,385.0,2921.8415584415584
390,Binzhou,China,62.847133757961785,85.0,35.0,1124728,9453.0,118.98106421241934
391,Salem,India,39.93589743589744,80.0,21.0,1123873,124.0,9063.491935483871
392,Maputo,Mozambique,47.333333333333336,58.0,40.0,1121697,3477.0,322.60483175150995
393,Saharanpur,India,172.34640522875816,280.0,94.0,1094581,4674.0,234.18506632434745
394,Shimkent,Kazakhstan,175.66666666666666,191.0,167.0,1093289,1170.0,934.4350427350428
395,Yerevan,Armenia,191.93506493506493,278.0,112.0,1089181,223.0,4884.219730941704
396,Tbilisi,Georgia,64.96794871794872,187.0,28.0,1078846,726.0,1486.0137741046833
397,Bujumbura,Burundi,53.2,74.0,28.0,1074642,105.0,10234.685714285713
398,Jalandhar,India,156.87417218543047,224.0,58.0,1074383,110.0,9767.118181818181
399,Managua,Nicaragua,151.33333333333334,172.0,58.0,1072852,267.0,4018.172284644195
400,Lille,France,64.15483870967742,117.0,26.0,1068051,348.0,3069.112068965517
401,Bishkek,Kyrgyzstan,69.25,98.0,49.0,1060113,127.0,8347.346456692914
402,Siliguri,India,147.1523178807947,192.0,101.0,1056551,419.0,2521.601431980907
403,Oslo,Norway,48.39869281045752,82.0,14.0,1056180,454.0,2326.3876651982378
404,Jingzhou Hubei,China,48.31578947368421,82.0,14.0,1054743,14069.0,74.96929419290639
405,Zhaoqing,China,94.10526315789474,131.0,55.0,1050908,15056.0,69.7999468650372
406,Antwerp,Belgium,39.846666666666664,123.0,15.0,1047613,2045.0,512.280195599022
407,Johor Bahru,Malaysia,137.92156862745097,153.0,18.0,1044548,220.0,4747.945454545455
408,Solapur,India,122.67105263157895,158.0,68.0,1041886,9867.0,105.5929867234215
409,Hargeysa,Somalia,122.33333333333333,152.0,91.0,1033205,78.0,13246.21794871795
410,Teresina,Brazil,62.77333333333333,98.0,31.0,1031220,1392.0,740.8189655172414
411,Fuzhou Jiangxi,China,89.28378378378379,122.0,32.0,1028734,18800.0,54.71989361702128
412,Aracaju,Brazil,61.39333333333333,120.0,39.0,1026529,1819.0,564.3369983507422
413,Leshan,China,121.90066225165563,186.0,36.0,1022088,12827.0,79.682544632416
414,Marrakech,Morocco,38.78,121.0,23.0,1017379,230.0,4423.386956521739
415,Rotterdam,Netherlands,54.395973154362416,96.0,23.0,1012007,3241.0,312.25146559703796
416,Austin,United States,57.52980132450331,84.0,27.0,1011790,704.0,1437.2017045454545
417,Denpasar,Indonesia,54.12582781456954,79.0,19.0,1008709,124.0,8134.75
418,Odesa,Ukraine,77.16778523489933,92.0,25.0,1008508,1624.0,621.0024630541872
419,San Miguel de Tucuman,Argentina,65.27450980392157,92.0,55.0,999907,91.0,10987.989010989011
420,Asmara,Eritrea,63.333333333333336,75.0,56.0,998321,45.0,22184.911111111112
421,Padang,Indonesia,73.84666666666666,93.0,55.0,997358,695.0,1435.0474820143884
422,Cebu City,Philippines,55.211920529801326,82.0,19.0,993744,2912.0,341.25824175824175
423,Acapulco de Juarez,Mexico,70.54605263157895,167.0,36.0,992205,119.0,8337.857142857143
424,Valparaiso,Chile,76.13157894736842,101.0,38.0,992183,4016.0,247.05751992031873
425,Kayseri,Turkey,137.7748344370861,211.0,55.0,986987,17043.0,57.91157660036379
426,Warangal,India,109.45751633986929,154.0,60.0,983128,407.0,2415.5479115479116
427,Changshu,China,118.92105263157895,181.0,57.0,981654,1264.0,776.625
428,Bordeaux,France,32.2317880794702,57.0,18.0,980130,4936.0,198.56766612641815
429,Songkhla,Thailand,58.4635761589404,80.0,28.0,979453,927.0,1056.5836030204962
430,Yichun Jiangxi,China,81.65789473684211,131.0,57.0,975387,18638.0,52.333243910290804
431,Krasnodar,Russia,85.12582781456953,112.0,57.0,974377,3393.0,287.1727085175361
432,Ilorin,Nigeria,78.0,84.0,74.0,973671,765.0,1272.7725490196078
433,Cancun,Mexico,34.46308724832215,49.0,29.0,971798,1979.0,491.05507832238504
434,Jixi Heilongjiang,China,89.02631578947368,154.0,29.0,963278,22488.0,42.835200996086805
435,Blantyre-Limbe,Malawi,97.6,106.0,84.0,962145,240.0,4008.9375
436,Morelia,Mexico,79.81879194630872,143.0,48.0,961834,1336.0,719.935628742515
437,Dnipro,Ukraine,80.00662251655629,121.0,63.0,951821,4097.0,232.321454722968
438,Khulna,Bangladesh,116.82236842105263,206.0,45.0,949229,1506.0,630.2981407702523
439,Jerusalem,Israel,114.68211920529801,500.0,33.0,944188,1251.0,754.7466027178258
440,Dehradun,India,158.42105263157896,197.0,86.0,943136,1965.0,479.9674300254453
441,Fort Worth,United States,59.52287581699346,181.0,30.0,942323,9209.0,102.32631121728744
442,Dushanbe,Tajikistan,39.0,39.0,39.0,938444,1266.0,741.2669826224328
443,Jiujiang,China,123.22666666666667,186.0,79.0,936927,18823.0,49.77564681506667
444,Southampton,United Kingdom,44.49342105263158,135.0,24.0,935868,5147.0,181.82786088983875
445,Arequipa,Peru,35.294117647058826,52.0,20.0,934845,3057.0,305.80471050049067
446,Ciudad Guayana,Venezuela,23.86092715231788,44.0,19.0,933968,560.0,1667.8
447,Zamboanga City,Philippines,46.945945945945944,64.0,22.0,930610,1453.0,640.474879559532
448,Veracruz,Mexico,45.019867549668874,64.0,31.0,930387,71820.0,12.954427736006684
449,Jacksonville,United States,69.30263157894737,103.0,51.0,929647,2265.0,410.4401766004415
450,Pathum Thani,Thailand,132.65131578947367,165.0,58.0,925893,1526.0,606.7450851900393
451,Rajshahi,Bangladesh,137.44295302013424,183.0,60.0,924033,9668.0,95.57643773272652
452,Misratah,Libya,134.2,164.0,75.0,918946,29172.0,31.500959824489236
453,Guigang,China,116.88666666666667,154.0,56.0,917484,10601.0,86.54692953494953
454,Columbus,United States,53.8421052631579,138.0,25.0,913921,5853.0,156.14573722877157
455,Charlotte,United States,60.553333333333335,90.0,25.0,912096,771.0,1183.0038910505837
456,Ulsan,South Korea,62.95302013422819,135.0,24.0,910778,1057.0,861.6631977294229
457,Bangui,Central African Republic,44.857142857142854,76.0,27.0,910270,67.0,13586.119402985074
458,Liverpool,United Kingdom,59.66887417218543,75.0,34.0,906443,1118.0,810.7719141323793
459,Antipolo,Philippines,57.156462585034014,73.0,29.0,902993,306.0,2950.9575163398695
460,Zhangzhou,China,88.63448275862069,123.0,56.0,900904,12882.0,69.93510324483776
461,Bergamo,Italy,58.3125,88.0,26.0,900094,4016.0,224.1269920318725
462,Donetsk,Ukraine,94.47222222222223,141.0,55.0,899325,358.0,2512.0810055865923
463,Malang,Indonesia,90.58503401360544,127.0,57.0,896009,1101.0,813.8138056312443
464,Linfen,China,145.0738255033557,184.0,80.0,891049,20275.0,43.94816276202219
465,Sylhet,Bangladesh,72.53378378378379,176.0,34.0,890180,265.0,3359.169811320755
466,Indianapolis,United States,58.62162162162162,117.0,34.0,887232,953.0,930.9884575026233
467,Nampula,Mozambique,57.42857142857143,77.0,40.0,887055,3650.0,243.02876712328768
468,Hermosillo,Mexico,35.74305555555556,45.0,17.0,883916,1682.0,525.5148632580261
469,San Francisco,United States,60.19310344827586,106.0,28.0,883255,1214.0,727.5576606260297
470,Guntur,India,80.2551724137931,123.0,29.0,875474,1684.0,519.8776722090262
471,Lubango,Angola,67.0,106.0,47.0,870935,3147.0,276.75087384810934
472,Bahawalpur,Pakistan,166.25850340136054,197.0,115.0,869548,246.0,3534.7479674796746
473,Tyumen,Russia,62.534246575342465,174.0,52.0,866741,6985.0,124.08604151753758
474,Soshanguve,South Africa,40.388888888888886,83.0,13.0,866005,1268.0,682.9692429022082
475,Tuxtla Gutierrez,Mexico,65.02054794520548,97.0,29.0,865000,500.0,1730.0
476,Ashgabat,Turkmenistan,73.72727272727273,95.0,58.0,864695,9176.0,94.23441586748038
477,Puducherry,India,95.27777777777777,153.0,28.0,856354,1954.0,438.25690890481064
478,Culiacan,Mexico,34.5578231292517,64.0,18.0,856072,65.0,13170.338461538462
479,Libreville,Gabon,35.0,51.0,26.0,845100,189.0,4471.428571428572
480,Saratov,Russia,61.11188811188811,98.0,36.0,840883,394.0,2134.220812182741
481,Banghazi,Libya,64.375,93.0,44.0,836031,314.0,2662.519108280255
482,Luzhou,China,153.22448979591837,221.0,52.0,833637,12234.0,68.14100049043648
483,Quebec City,Canada,45.0551724137931,152.0,23.0,831776,4841.0,171.81904565172485
484,Yibin,China,148.6153846153846,220.0,35.0,831013,13294.0,62.51038062283737
485,Ipoh,Malaysia,97.40268456375838,147.0,39.0,827719,643.0,1287.2768273716952
486,Winnipeg,Canada,45.7027027027027,121.0,25.0,824771,4641.0,177.714070243482
487,Bogra,Bangladesh,128.2937062937063,208.0,30.0,820297,2899.0,282.9586064160055
488,Newcastle upon Tyne,United Kingdom,32.98717948717949,58.0,17.0,813807,114.0,7138.6578947368425
489,Thessaloniki,Greece,97.60759493670886,161.0,24.0,812964,1931.0,421.0067322630761
490,Bologna,Italy,91.29677419354839,142.0,60.0,808931,1409.0,574.1171043293116
491,Barcelona-Puerto La Cruz,Venezuela,35.10828025477707,98.0,16.0,804488,244.0,3297.0819672131147
492,Cherthala,India,113.60126582278481,185.0,28.0,801264,1618.0,495.21878862793574
493,Quzhou,China,109.23417721518987,151.0,60.0,798191,8846.0,90.23185620619489
494,Sorocaba,Brazil,58.17610062893082,81.0,23.0,795569,4504.0,176.63610124333925
495,Enugu,Nigeria,57.333333333333336,67.0,46.0,795271,7161.0,111.05585812037425
496,Nottingham,United Kingdom,52.164556962025316,72.0,27.0,794008,7461.0,106.42112317383729
497,Xalapa,Mexico,47.5126582278481,69.0,23.0,787349,1244.0,632.9172025723473
498,Frankfurt,Germany,51.98726114649681,91.0,29.0,784780,2483.0,316.06121627064033
499,Nakhon Ratchasima,Thailand,99.24050632911393,157.0,40.0,783180,375.0,2088.48
500,Vereeniging,South Africa,53.9874213836478,134.0,30.0,779530,1882.0,414.2029755579171
501,Seattle,United States,46.25949367088607,63.0,20.0,776555,217.0,3578.5944700460827
502,Bozhou,China,108.77987421383648,135.0,35.0,773217,8523.0,90.72122492080254
503,Nellore,India,119.16455696202532,168.0,72.0,772941,149.0,5187.523489932886
504,Hamilton,Canada,57.42767295597484,138.0,27.0,770976,1138.0,677.4833040421793
505,Cagayan de Oro City,Philippines,62.880503144654085,98.0,20.0,769620,4889.0,157.4186950296584
506,Krakow,Poland,117.5506329113924,164.0,54.0,769307,327.0,2352.6207951070337
507,Gorakhpur,India,146.16352201257862,189.0,81.0,766646,2266.0,338.32568402471315
508,Dasmarinas,Philippines,72.89240506329114,138.0,30.0,765742,901.0,849.8801331853496
509,Ar-Rayyan,Qatar,73.29559748427673,113.0,53.0,759174,119.0,6379.6134453781515
510,Cuttack,India,107.29559748427673,166.0,43.0,751859,1925.0,390.5761038961039
511,Denver,United States,50.84177215189873,99.0,26.0,749103,4007.0,186.94858996755679
512,Qingyuan,China,101.52201257861635,157.0,65.0,744726,19153.0,38.88299483109696
513,Banjarmasin,Indonesia,42.742138364779876,70.0,21.0,744334,9846.0,75.59760308754824
514,Lokoja,Nigeria,43.666666666666664,54.0,38.0,741482,3186.0,232.73132454488388
515,Kottayam,India,119.99354838709678,172.0,65.0,739212,1376.0,537.2180232558139
516,Belgaum,India,32.38993710691824,160.0,15.0,738074,94.0,7851.851063829788
517,Sheffield,United Kingdom,36.5859872611465,59.0,24.0,735292,3679.0,199.86191899972818
518,Zanzibar,Tanzania,29.75,30.0,29.0,734832,2461.0,298.59081674116214
519,Gaza,Palestine,120.57692307692308,500.0,33.0,734547,365.0,2012.4575342465753
520,Zaragoza,Spain,36.452229299363054,57.0,15.0,733825,9738.0,75.3568494557404
521,Zaporizhzhya,Ukraine,117.15822784810126,169.0,63.0,731984,334.0,2191.568862275449
522,Malegaon,India,159.77358490566039,183.0,72.0,731493,3356.0,217.96573301549464
523,Sao Jose dos Campos,Brazil,65.53459119496856,177.0,19.0,731481,1100.0,664.9827272727273
524,Oshogbo,Nigeria,58.25,63.0,51.0,730529,47.0,15543.170212765957
525,Mangalore,India,147.40645161290323,174.0,87.0,724159,1324.0,546.9478851963746
526,Okayama,Japan,56.40880503144654,169.0,17.0,724157,7114.0,101.79322462749508
527,Ribeirao Preto,Brazil,57.87179487179487,76.0,24.0,724044,650916.0,1.1123462935309625
528,Xianyang Shaanxi,China,57.9685534591195,76.0,24.0,723612,10213.0,70.85205130715754
529,Bunia,DR Congo,21.40764331210191,65.0,14.0,723276,576.0,1255.6875
530,Lviv,Ukraine,93.40506329113924,133.0,17.0,722476,149.0,4848.832214765101
531,Tongliao,China,94.42038216560509,152.0,57.0,720662,58863.0,12.243038920884088
532,Sialkot,Pakistan,155.45283018867926,256.0,70.0,720439,19.0,37917.84210526316
533,Buffalo City,South Africa,70.76582278481013,187.0,55.0,717067,136.0,5272.551470588235
534,Suining Sichuan,China,68.71698113207547,89.0,55.0,716754,5326.0,134.57641757416448
535,Oaxaca de Juarez,Mexico,52.72435897435897,83.0,27.0,714983,8548.0,83.64330837622836
536,Washington,United States,60.0125786163522,79.0,34.0,714153,184666.0,3.8672684738934078
537,Sargodha,Pakistan,143.9240506329114,209.0,65.0,712961,155.0,4599.748387096774
538,Bhavnagar,India,171.25477707006368,203.0,75.0,711625,1083.0,657.0867959372115
539,Gold Coast,Australia,40.3525641025641,190.0,18.0,710650,4143.0,171.53029205889453
540,Florence,Italy,49.729559748427675,73.0,22.0,709064,1024.0,692.4453125
541,Jammu,India,50.86538461538461,78.0,24.0,708612,167.0,4243.185628742515
542,Yulin Shaanxi,China,50.874213836477985,78.0,24.0,706571,43578.0,16.21393822571022
543,Nanded Waghala,India,137.4203821656051,189.0,41.0,705667,6322.0,111.62084783296426
544,Tirupati,India,106.67295597484276,175.0,32.0,704615,2744.0,256.7838921282799
545,Bacoor,Philippines,48.38364779874214,106.0,29.0,704334,524.0,1344.148854961832
546,Malanje,Angola,46.6,70.0,31.0,704271,2422.0,290.780759702725
547,The Hague,Netherlands,60.93421052631579,127.0,29.0,703588,9813.0,71.69958218689493
548,Seville,Spain,74.57594936708861,106.0,52.0,702386,140.0,5017.042857142857
549,Cotonou,Benin,75.23529411764706,106.0,60.0,698868,79.0,8846.430379746835
550,Dongtai,China,126.0,184.0,65.0,698218,3176.0,219.8419395465995
551,Bali,Indonesia,55.29936305732484,137.0,19.0,695940,5780.0,120.40484429065744
552,Boston,United States,49.177215189873415,74.0,21.0,695506,2321.0,299.6579060749677
553,Yuxi,China,92.43396226415095,152.0,47.0,693811,15285.0,45.391625776905464
554,Vientiane,Laos,63.0,63.0,63.0,693594,3920.0,176.93724489795918
555,Bristol,United Kingdom,32.91139240506329,61.0,20.0,693552,110.0,6305.018181818182
556,Akure,Nigeria,34.63157894736842,56.0,22.0,690533,991.0,696.8042381432896
557,Cheonan,South Korea,114.71974522292993,175.0,44.0,688543,6362.0,108.22744419993712
558,Jundiai,Brazil,59.144654088050316,82.0,17.0,688192,4312.0,159.59925788497216
559,Gulbarga,India,125.39622641509433,182.0,43.0,687882,192.0,3582.71875
560,Padova,Italy,74.66666666666667,123.0,22.0,687698,9285.0,74.06548196015078
561,Durgapur,India,155.2012578616352,217.0,24.0,686568,154.0,4458.233766233766
562,Kurnool,India,118.83018867924528,178.0,59.0,685818,6951.0,98.66465256797584
563,El Paso,United States,68.07051282051282,156.0,27.0,685434,6715.0,102.07505584512286
564,Nantes,France,63.50955414012739,93.0,39.0,685377,6519.0,105.13529682466636
565,Zagreb,Croatia,111.7051282051282,153.0,62.0,684524,641.0,1067.9001560062402
566,Nashville,United States,59.12101910828026,94.0,24.0,678448,1362.0,498.12628487518356
567,Genoa,Italy,70.61538461538461,114.0,30.0,677222,243.0,2786.9218106995886
568,Ezhou,China,56.48076923076923,78.0,26.0,676600,1594.0,424.4667503136763
569,Mar Del Plata,Argentina,39.550632911392405,93.0,14.0,672116,7948.0,84.56416708605938
570,Lodz,Poland,99.49044585987261,151.0,32.0,671395,2932.0,228.9887448840382
571,Oklahoma City,United States,59.7515923566879,151.0,22.0,669347,1608.0,416.26057213930346
572,Las Vegas,United States,56.49032258064516,105.0,30.0,667501,352.0,1896.309659090909
573,General Santos City,Philippines,45.22784810126582,97.0,17.0,665418,4929.0,135.00060864272672
574,Detroit,United States,49.39873417721519,82.0,26.0,664139,3701.0,179.44852742502027
575,Manama,Bahrain,137.89808917197453,169.0,46.0,663893,30.0,22129.766666666666
576,Portland,United States,49.81012658227848,157.0,20.0,662549,3755.0,176.4444740346205
577,Sokoto,Nigeria,49.46666666666667,69.0,23.0,662173,25973.0,25.494667539367803
578,Macao,Macau,85.1656050955414,180.0,53.0,661838,1153.0,574.0138768430182
579,Zhoushan,China,52.95569620253165,101.0,24.0,659777,1378.0,478.7931785195936
580,Jhansi,India,156.63694267515925,195.0,73.0,653879,160.0,4086.74375
581,Memphis,United States,57.32692307692308,173.0,28.0,651011,789.0,825.1089987325729
582,As-Suways,Egypt,56.142857142857146,64.0,50.0,649368,2504.0,259.33226837060704
583,Doha,Qatar,154.26282051282053,168.0,94.0,646177,132.0,4895.280303030303
584,Chiclayo,Peru,34.493589743589745,158.0,20.0,645366,1745.0,369.83724928366763
585,Wuhai,China,81.28481012658227,128.0,30.0,644895,1754.0,367.6710376282782
586,Be'er Sheva,Israel,123.15189873417721,500.0,35.0,644278,1175.0,548.3217021276596
587,Durango,Mexico,28.05095541401274,98.0,16.0,642750,10041.0,64.01254855094115
588,Bokaro Steel City,India,159.5506329113924,241.0,18.0,642145,183.0,3508.9890710382515
589,Wroclaw,Poland,132.18987341772151,183.0,83.0,642085,2928.0,219.29132513661202
590,Venezia,Italy,76.6025641025641,133.0,37.0,638264,4146.0,153.94693680656053
591,Jambi,Indonesia,49.82911392405063,108.0,28.0,637037,2054.0,310.1445959104187
592,Khabarovsk,Russia,46.666666666666664,62.0,35.0,636254,383.0,1661.237597911227
593,Duesseldorf,Germany,63.02597402597402,86.0,49.0,635046,2174.0,292.10947562097516
594,Belfast,United Kingdom,60.56962025316456,134.0,35.0,634594,115.0,5518.208695652174
595,Stuttgart,Germany,46.120253164556964,71.0,25.0,633808,2074.0,305.59691417550624
596,Riga,Latvia,83.81645569620254,144.0,35.0,627763,304.0,2065.0098684210525
597,Bandar Abbas,Iran,88.0,107.0,78.0,627174,27316.0,22.95995021232977
598,Kolhapur,India,114.07692307692308,156.0,76.0,626791,6682.0,93.80290332235857
599,Bacolod,Philippines,56.26797385620915,109.0,45.0,624783,1614.0,387.1022304832714
600,Ulyanovsk,Russia,62.15686274509804,84.0,40.0,624103,6225.0,100.25751004016064
601,Al-Ain,United Arab Emirates,142.875,162.0,61.0,622675,15100.0,41.23675496688742
602,Bari,Italy,31.19607843137255,153.0,13.0,622590,117.0,5321.282051282052
603,Yulin Guangxi,China,92.01333333333334,140.0,37.0,622115,12828.0,48.496647957592764
604,Ajmer,India,136.7058823529412,174.0,88.0,621505,8481.0,73.2820422120033
605,Kuching,Malaysia,105.6797385620915,154.0,29.0,621114,450.0,1380.2533333333333
606,Bissau,Guinea-Bissau,123.0,135.0,111.0,620974,77.0,8064.597402597403
607,Geneva,Switzerland,48.56,67.0,28.0,620131,1593.0,389.28499686126804
608,Anshun,China,56.688741721854306,74.0,37.0,619116,9269.0,66.79426043801921
609,Colombo,Sri Lanka,44.26973684210526,63.0,13.0,619001,3731.0,165.90753149289733
610,Ujjain,India,148.69281045751634,185.0,42.0,617812,1518.0,406.99077733860344
611,Gothenburg,Sweden,70.61437908496733,161.0,59.0,617781,4478.0,137.9591335417597
612,Patiala,India,155.90131578947367,182.0,115.0,616590,1554.0,396.7760617760618
613,Zahedan,Iran,165.0,170.0,160.0,616511,557.0,1106.8420107719928
614,Bilaspur,India,133.41830065359477,166.0,81.0,616394,205.0,3006.8
615,Louisville,United States,61.87581699346405,164.0,21.0,615924,1030.0,597.9844660194175
616,San Jose del Monte,Philippines,59.57236842105263,74.0,51.0,615815,1651.0,372.9951544518474
617,Yaroslavl,Russia,60.86754966887417,94.0,44.0,612502,205.0,2987.8146341463416
618,Brighton,United Kingdom,50.052287581699346,84.0,23.0,612159,8279.0,73.94117647058823
619,Feira De Santana,Brazil,26.07236842105263,65.0,18.0,609939,1304.0,467.7446319018405
620,Vladivostok,Russia,27.0,33.0,24.0,609632,3312.0,184.06763285024155
621,Comilla,Bangladesh,124.62251655629139,227.0,24.0,609345,3087.0,197.39067055393585
622,Calabar,Nigeria,164.8,199.0,128.0,604546,406.0,1489.0295566502464
623,Mathura,India,169.45945945945945,235.0,105.0,603301,39.0,15469.25641025641
624,Skopje,North Macedonia,92.3112582781457,178.0,45.0,600708,5715.0,105.11076115485564
625,Tomsk,Russia,66.5,75.0,58.0,600254,2972.0,201.96971736204577
626,Leipzig,Germany,57.75333333333333,113.0,19.0,596230,2976.0,200.34610215053763
627,Agartala,India,125.7124183006536,219.0,24.0,595210,7651.0,77.7950594693504
628,Mbeya,Tanzania,140.5,142.0,139.0,592579,35954.0,16.481587584135283
629,Kingston,Jamaica,37.13157894736842,73.0,21.0,592477,4504.0,131.5446269982238
630,Sangli,India,122.64473684210526,159.0,24.0,592117,1182.0,500.94500846023686
631,Samarkand,Uzbekistan,138.5,147.0,130.0,591252,120.0,4927.1
632,Malaga,Spain,53.63945578231292,71.0,34.0,591091,398.0,1485.1532663316582
633,Ibague,Colombia,49.7682119205298,73.0,31.0,590686,1439.0,410.48366921473246
634,Dortmund,Germany,56.29801324503311,90.0,37.0,589748,2807.0,210.09903811898823
635,Kagoshima,Japan,36.705882352941174,63.0,19.0,588413,5476.0,107.45306793279767
636,Cabimas,Venezuela,30.111842105263158,52.0,16.0,588348,157.0,3747.43949044586
637,Milwaukee,United States,57.36184210526316,92.0,19.0,587721,2507.0,234.43199042680496
638,Samut Sakhon,Thailand,163.40522875816993,215.0,54.0,585964,1033.0,567.244917715392
639,Beira,Mozambique,186.5,198.0,175.0,584989,633.0,924.1532385466035
640,Essen,Germany,53.205298013245034,79.0,33.0,581579,2103.0,276.547313361864
641,Dresden,Germany,56.56521739130435,88.0,8.0,580877,3288.0,176.66575425790754
642,Bouake,Ivory Coast,71.0,87.0,59.0,580586,7179.0,80.8728235130241
643,Udaipur,India,168.20437956204378,335.0,109.0,580191,37.0,15680.837837837838
644,Vellore,India,119.66428571428571,160.0,57.0,578956,8792.0,65.85031847133757
645,Thoothukkudi,India,84.22302158273381,113.0,53.0,577945,353.0,1637.2379603399434
646,Bloemfontein,South Africa,30.735714285714284,151.0,17.0,577560,2362.0,244.5215918712955
647,Udon Thani,Thailand,103.30935251798562,163.0,22.0,576666,477.0,1208.9433962264152
648,Jalgaon,India,159.65714285714284,177.0,47.0,576506,6824.0,84.48212192262602
649,Zaoyang,China,151.3021582733813,197.0,107.0,576057,3277.0,175.78791577662497
650,Yiyang Hunan,China,152.61428571428573,197.0,80.0,576041,12144.0,47.43420619235837
651,Baltimore,United States,57.669064748201436,87.0,25.0,575584,239.0,2408.3012552301257
652,Kitchener,Canada,50.457142857142856,94.0,24.0,570681,1369.0,416.85975164353545
653,Poza Rica de Hidalgo,Mexico,51.27857142857143,73.0,31.0,570576,64.0,8915.25
654,Oujda,Morocco,30.131386861313867,47.0,22.0,570257,964.0,591.5529045643153
655,Orenburg,Russia,67.46428571428571,86.0,52.0,569029,259.0,2197.023166023166
656,Kemerovo,Russia,66.0,72.0,56.0,567035,2948.0,192.34565807327002
657,Bremen,Germany,73.55797101449275,104.0,53.0,566331,3267.0,173.3489439853076
658,Karbala,Iraq,68.11111111111111,85.0,54.0,565196,437.0,1293.354691075515
659,Kota Kinabalu,Malaysia,52.01459854014598,93.0,19.0,562824,3522.0,159.8023850085179
660,Basel,Switzerland,47.68571428571428,67.0,16.0,562710,2391.0,235.34504391468005
661,Gomel,Belarus,53.65942028985507,70.0,27.0,562405,1398.0,402.2925608011445
662,Albuquerque,United States,62.9136690647482,112.0,23.0,562281,4892.0,114.93887980376124
663,Meknes,Morocco,37.369565217391305,53.0,24.0,560746,370.0,1515.5297297297298
664,Panipat,India,164.66666666666666,242.0,88.0,559798,1268.0,441.48107255520506
665,Irbid,Jordan,76.63503649635037,183.0,41.0,559386,410.0,1364.3560975609755
666,Chiang Rai,Thailand,131.82142857142858,158.0,62.0,557280,6085.0,91.58258011503698
667,Leicester,United Kingdom,48.035714285714285,157.0,28.0,556930,733.0,759.7953615279672
668,Tucson,United States,53.44525547445255,78.0,26.0,554503,5872.0,94.4317098092643
669,Imus,Philippines,79.04285714285714,108.0,30.0,553579,1717.0,322.41059988351776
670,Villavicencio,Colombia,62.41428571428571,104.0,28.0,553451,1338.0,413.64050822122573
671,Sakarya,Turkey,94.62857142857143,172.0,51.0,553438,650.0,851.4430769230769
672,Utrecht,Netherlands,61.405797101449274,120.0,32.0,551879,9921.0,55.62735611329503
673,Larkana,Pakistan,169.7357142857143,192.0,151.0,548916,82.0,6694.09756097561
674,Basilan City,Philippines,34.539568345323744,179.0,25.0,548445,1234.0,444.4448946515397
675,Hamhung,North Korea,33.5,38.0,29.0,545847,330.0,1654.081818181818
676,Kerman,Iran,72.02919708029196,104.0,34.0,543855,2388.0,227.74497487437185
677,Abeokuta,Nigeria,71.5,91.0,36.0,543723,879.0,618.5699658703072
678,Mekele,Ethiopia,42.266666666666666,54.0,35.0,543622,2444.0,222.43126022913256
679,Edinburgh,United Kingdom,31.705882352941178,60.0,22.0,542599,264.0,2055.2992424242425
680,Ryazan,Russia,52.27067669172932,79.0,19.0,540183,2242.0,240.93800178412133
681,Vilnius,Lithuania,78.82962962962964,114.0,50.0,539978,401.0,1346.5785536159601
682,Calamba,Philippines,37.375,81.0,24.0,539157,1448.0,372.3459944751381
683,Hannover,Germany,45.23880597014925,83.0,18.0,537418,204.0,2634.401960784314
684,Fresno,United States,79.21052631578948,128.0,22.0,537100,3004.0,178.79494007989348
685,Astrakhan,Russia,60.99248120300752,159.0,19.0,534762,2087.0,256.2347867752755
686,Bellary,India,116.43283582089552,171.0,34.0,533505,8995.0,59.311284046692606
687,Pietermaritzburg,South Africa,65.4888888888889,100.0,48.0,532766,1262.0,422.1600633914422
688,Rustenburg,South Africa,49.149253731343286,141.0,24.0,532711,3423.0,155.62693543675138
689,Sheikhupura,Pakistan,176.42537313432837,340.0,70.0,530798,75.0,7077.306666666666
690,Grenoble,France,61.51127819548872,175.0,23.0,530690,1813.0,292.71373414230555
691,Angeles City,Philippines,41.36363636363637,75.0,27.0,529991,6027.0,87.93612078977932
692,Gombe,Nigeria,39.5,48.0,31.0,529283,35.0,15122.371428571429
693,Poznan,Poland,132.68702290076337,172.0,85.0,528457,2618.0,201.85523300229184
694,Cuautla Morelos,Mexico,94.96875,187.0,48.0,525498,1537.0,341.89850357839947
695,Kalasin,Thailand,99.08333333333333,155.0,40.0,524519,1696.0,309.26827830188677
696,Atlanta,United States,71.796992481203,152.0,29.0,524067,353.0,1484.6090651558075
697,Rupganj,Bangladesh,151.58823529411765,359.0,51.0,522366,248.0,2106.314516129032
698,Penza,Russia,61.12781954887218,318.0,17.0,522207,3046.0,171.44024950755087
699,Porto Velho,Brazil,33.3235294117647,70.0,15.0,521270,34091.0,15.290545891877622
700,Chuxiong,China,80.71111111111111,121.0,20.0,520282,4482.0,116.08255243195002
701,Duisburg,Germany,42.03007518796993,98.0,20.0,519056,2328.0,222.96219931271477
702,Muzaffarpur,India,199.21641791044777,500.0,24.0,516403,2868.0,180.0568340306834
703,Changge,China,140.61940298507463,215.0,86.0,515109,650.0,792.4753846153847
704,Kuantan,Malaysia,87.82706766917293,153.0,36.0,514419,324.0,1587.712962962963
705,Kandahar,Afghanistan,41.21641791044776,74.0,18.0,511949,2734.0,187.2527432333577
706,Nurenberg,Germany,40.60606060606061,79.0,10.0,511889,1865.0,274.47131367292224
707,London CA,Canada,43.77205882352941,99.0,20.0,511368,4206.0,121.58059914407988
708,Bournemouth,United Kingdom,49.04477611940298,75.0,28.0,510021,4618.0,110.44196621914249
709,Khon-Kaen,Thailand,114.07575757575758,161.0,51.0,509278,46.0,11071.260869565218
710,Cheboksary,Russia,63.13970588235294,134.0,32.0,509038,251.0,2028.0398406374502
711,Lipetsk,Russia,106.00751879699249,177.0,60.0,505846,3302.0,153.1938219261054
712,Arusha,Tanzania,87.2,98.0,66.0,504857,37576.0,13.43562380242708
713,Murcia,Spain,31.592307692307692,81.0,14.0,504491,8819.0,57.20501190611181
714,Tirana,Albania,40.33582089552239,87.0,15.0,502734,418.0,1202.7129186602872
715,Surat Thani,Thailand,87.4,154.0,30.0,502564,12891.0,38.985648902334965
716,Kansas City,United States,55.63703703703704,115.0,23.0,501957,8263.0,60.74754931622897
