city,AQI,dominant_pollutant,O3,SO2,PM2.5,PM10,CO,NO2,NO,NOX,C6H6,NMHC
Budapest,122,PM2.5,3,1,44,74,274,27,0,33,1,0
Ranchi,149,PM2.5,20,19,44,79,474,19,3,28,1,0
Madurai,95,PM2.5,14,0,30,45,283,10,4,12,0,0
Quanzhou,68,PM2.5,7,5,24,49,349,23,1,6,0,0
Palembang,81,PM2.5,23,1,25,47,260,23,0,0,0,0
Santa Cruz,69,PM2.5,18,0,24,51,309,26,2,10,0,0
Gaziantep,159,PM2.5,12,35,78,105,2103,51,0,0,0,0
Sharjah,114,PM2.5,17,8,43,73,336,50,0,0,0,0
Phoenix,84,PM2.5,28,1,22,55,370,36,5,0,0,0
Lyon,61,PM2.5,8,2,17,34,106,35,10,1,0,0
Meerut,229,PM2.5,4,4,188,338,982,51,14,43,1,0
Jiangmen,93,PM2.5,9,4,35,77,600,45,0,0,0,0
Can Tho,72,PM2.5,20,2,20,27,367,3,0,0,0,0
Raipur,52,PM10,13,12,6,52,415,10,9,30,0,0
Glasgow,52,PM2.5,11,1,13,18,374,44,97,140,0,0
Stockholm,62,PM2.5,22,0,21,21,311,20,0,0,0,0
Auckland,53,PM2.5,15,0,15,41,48,13,0,0,0,0
Jamshedpur,122,PM2.5,17,44,45,74,354,16,6,28,0,0
Yinchuan,78,PM2.5,14,3,24,73,927,25,0,0,0,0
Jilin,106,PM2.5,37,4,40,62,566,8,0,0,0,0
Srinagar,115,PM2.5,31,1,38,61,529,7,9,24,4,0
Batam,51,PM2.5,41,4,14,16,203,11,0,0,0,0
Ulaanbaatar,174,PM2.5,18,35,95,95,245,21,0,0,0,0
Marseille,63,PM2.5,24,1,18,36,164,27,8,27,1,0
Makassar,27,PM2.5,25,1,7,12,204,2,0,0,0,0
Aurangabad,152,PM2.5,4,4,60,88,1550,10,2,7,5,0
Philadelphia,66,PM2.5,36,1,14,30,177,33,1,4,0,0
Qiqihaer,73,PM2.5,24,31,17,34,313,11,0,0,0,0
Xining,17,O3,18,0,2,4,152,1,0,0,0,0
San Antonio,46,PM2.5,22,0,12,35,0,16,0,2,0,0
Calgary,49,PM2.5,20,0,12,42,250,16,4,9,0,6
Daejon,27,PM2.5,30,0,6,8,136,7,5,5,0,0
Monrovia,120,PM2.5,15,0,49,107,745,35,12,33,0,0
Tiruppur,89,PM2.5,7,2,34,49,451,17,9,28,0,0
Munich,15,PM2.5,9,1,4,8,215,4,10,0,0,0
Ciudad Juarez,120,O3,104,6,13,19,184,3,0,0,0,0
Kananga,51,PM2.5,39,1,12,38,119,19,0,0,0,0
Gwangju,74,PM2.5,18,3,24,27,625,15,0,0,0,0
Suqian,124,PM2.5,2,6,45,114,1026,48,0,0,0,0
Yekaterinburg,54,PM2.5,19,2,14,38,141,30,0,0,0,0
Abu Dhabi,90,PM2.5,53,1,26,55,134,27,0,0,0,0
Jodhpur,184,PM2.5,8,1,101,247,1118,34,78,110,7,0
Edmonton,55,PM2.5,15,0,17,56,393,22,9,12,1,0
Kathmandu,125,PM2.5,2,4,54,202,885,26,15,52,3,0
Jabalpur,186,PM2.5,4,2,135,333,1467,46,5,51,0,0
Asansol,129,PM2.5,21,91,47,94,262,12,4,28,0,0
Kota,212,PM2.5,9,4,163,206,96,35,55,106,3,0
San Diego,78,PM2.5,42,0,27,64,362,15,1,6,0,0
Kharkiv,91,PM2.5,13,2,32,44,200,26,0,0,0,0
Allahabad,184,PM2.5,2,6,114,189,1934,53,15,53,82,0
Gwalior,173,PM2.5,3,13,103,111,1975,3,13,10,2,0
Ottawa,58,PM2.5,25,0,17,27,157,13,0,0,0,0
Zurich,18,O3,16,0,2,5,156,6,1,4,0,0
Belgrade,87,PM2.5,2,9,29,30,615,11,0,0,0,0
Amritsar,165,PM2.5,5,3,82,186,716,17,5,15,1,0
Joao Pessoa,52,PM2.5,15,0,12,23,87,1,0,0,0,0
Queretaro,71,PM2.5,47,7,26,56,1155,6,0,0,0,0
Taian Shandong,57,PM2.5,35,2,20,56,159,11,1,5,0,0
Copenhagen,60,PM2.5,9,0,19,28,234,18,27,14,0,0
Konya,220,PM2.5,2,21,198,198,3254,37,0,0,0,0
Dhanbad,152,PM2.5,21,78,55,102,282,15,5,30,0,0
Dallas,44,PM2.5,22,0,8,42,103,18,1,4,0,0
Ganzhou,81,PM2.5,11,1,21,69,851,17,0,0,0,0
Adelaide,40,PM2.5,11,1,12,24,94,22,0,0,0,0
Hai Phong,132,PM2.5,15,16,52,53,589,20,0,0,0,0
Mombasa,33,PM2.5,14,2,8,13,122,4,0,0,0,0
Jiaxing,98,PM2.5,4,3,36,66,545,35,0,0,0,0
Helsinki,68,PM2.5,19,1,23,31,180,16,0,0,1,0
Porto,78,PM2.5,14,4,24,31,77,22,0,0,0,0
Zhanjiang,111,PM2.5,42,6,40,72,596,13,0,0,0,0
Prague,68,PM2.5,8,0,20,60,410,59,19,13,0,0
Dongying,152,PM2.5,15,6,62,137,1038,33,0,0,0,0
Mianyang Sichuan,81,PM2.5,29,1,23,37,176,25,1,6,0,0
Nanchong,149,PM2.5,15,1,52,138,693,14,0,0,0,0
Fushun Liaoning,149,PM2.5,15,1,52,138,693,14,0,0,0,0
Antalya,88,PM2.5,10,1,30,63,1425,61,0,0,0,0
Bareilly,189,PM2.5,6,3,125,212,1641,19,12,29,4,0
Kazan,21,PM2.5,16,3,5,7,162,7,0,0,0,0
Ad-Dammam,131,PM2.5,10,43,55,105,332,74,0,0,0,0
Port Elizabeth,69,PM2.5,4,2,22,45,364,24,1,1,0,0
Ahvaz,29,O3,38,1,7,7,85,1,0,0,0,0
Florianopolis,60,PM2.5,19,0,17,32,65,22,0,0,0,0
Nizhniy Novgorod,62,PM2.5,25,2,18,29,139,35,0,0,0,0
Dublin,102,PM2.5,8,3,45,62,662,22,241,29,0,0
Maoming,40,PM2.5,9,0,11,12,253,4,10,2,0,0
San Luis Potosi,64,PM2.5,51,4,18,37,257,17,0,0,0,0
Mysore,96,PM2.5,6,4,39,72,369,24,3,13,2,0
Chelyabinsk,58,PM2.5,14,1,18,40,160,31,0,0,0,0
Moradabad,195,PM2.5,3,3,134,229,1953,32,10,24,4,0
Barquisimeto,39,O3,47,1,8,13,136,2,0,0,0,0
Durg-Bhilainagar,52,PM10,7,12,5,51,393,11,9,31,0,0
Maracay,33,PM2.5,37,4,8,13,145,3,0,0,0,0
Ruian,33,PM2.5,28,1,9,14,199,8,0,0,1,0
Zhenjiang Jiangsu,167,PM2.5,3,5,97,141,699,71,0,0,0,0
Baoji,91,PM2.5,24,1,25,38,305,13,0,0,0,0
Bhubaneswar,65,PM2.5,24,1,22,33,242,12,0,0,0,0
Pingdingshan Henan,65,PM2.5,24,1,22,33,242,12,0,0,0,0
Mendoza,52,PM2.5,43,1,13,27,187,18,0,0,0,0
Chiang Mai,92,PM2.5,28,1,32,38,619,13,0,0,0,0
Mwanza,92,PM2.5,28,1,32,38,619,13,0,0,0,0
Tiruchirappalli,146,PM2.5,30,2,48,69,534,7,1,3,1,0
Huaibei,61,PM10,23,3,17,73,143,17,0,5,0,0
Jinhua,58,PM2.5,29,1,16,38,298,28,8,23,0,0
Chandigarh,156,PM2.5,8,2,57,129,621,47,13,34,4,0
Islamabad,86,PM2.5,21,1,26,38,631,15,0,0,0,0
Amsterdam,62,PM2.5,11,1,19,21,201,16,1,0,0,0
Haifa,37,PM2.5,43,1,8,31,352,6,2,3,0,0
Guilin,109,PM2.5,43,5,40,56,468,11,0,0,0,0
Mexicali,58,PM2.5,36,0,8,13,311,8,8,5,0,0
Ufa,63,PM2.5,1,2,21,42,173,41,0,0,0,0
Rostov-on-Don,87,PM2.5,9,4,30,30,224,30,0,0,0,0
Hubli-Dharwad,88,PM2.5,1,2,28,86,786,33,13,31,1,0
Guwahati,176,PM2.5,6,8,104,169,888,5,5,9,0,0
Liupanshui,123,PM2.5,17,3,46,68,580,19,0,0,0,0
Quetta,58,PM2.5,33,1,17,27,277,5,0,0,0,0
Cologne,46,PM2.5,7,1,10,14,242,16,4,4,0,0
Aguascalientes,70,PM2.5,52,5,21,51,289,15,0,0,0,0
Binzhou,48,PM2.5,36,0,11,25,123,13,0,3,0,0
Salem,30,PM2.5,36,0,8,19,230,12,1,8,0,0
Saharanpur,151,PM2.5,19,3,52,110,457,23,6,23,2,0
Yerevan,196,PM2.5,7,5,152,271,478,10,0,0,0,0
Tbilisi,56,PM2.5,14,0,14,21,226,6,0,0,0,0
Jalandhar,171,PM2.5,16,7,98,168,1640,16,13,23,1,0
Lille,79,PM2.5,12,0,26,36,153,20,2,6,1,0
Siliguri,156,PM2.5,5,5,56,146,472,19,45,92,10,0
Oslo,62,PM2.5,30,0,21,36,232,21,10,21,0,0
Jingzhou Hubei,62,PM2.5,30,0,21,36,232,21,10,21,0,0
Zhaoqing,78,PM2.5,7,4,23,41,456,41,0,0,0,0
Antwerp,56,PM2.5,3,0,17,21,315,10,11,0,1,0
Johor Bahru,139,PM2.5,30,2,52,66,237,20,0,0,0,0
Solapur,154,PM2.5,12,4,59,79,418,17,7,27,1,0
Teresina,45,PM2.5,20,0,11,29,168,12,0,0,0,0
Fuzhou Jiangxi,104,PM2.5,28,1,46,67,238,26,0,0,0,0
Aracaju,57,PM2.5,20,0,15,35,80,16,0,0,0,0
Leshan,163,PM2.5,8,2,88,132,788,19,0,0,0,0
Marrakech,30,O3,20,1,6,10,113,7,0,0,0,0
Rotterdam,58,PM2.5,7,1,13,15,285,27,1,0,1,0
Austin,56,PM2.5,26,0,17,33,397,26,3,7,0,0
San Jose,69,PM2.5,22,0,21,29,284,21,2,10,0,0
Denpasar,26,O3,27,0,4,7,143,1,0,0,0,0
Odesa,69,PM2.5,31,1,19,33,140,23,0,0,0,0
San Miguel de Tucuman,64,PM2.5,41,2,18,32,147,21,0,0,0,0
Padang,56,PM2.5,10,0,15,48,198,15,0,0,0,0
Cebu City,38,O3,42,1,7,12,112,0,0,0,0,0
Acapulco de Juarez,120,O3,104,6,13,19,184,3,0,0,0,0
Valparaiso,83,PM2.5,23,3,28,38,544,10,0,0,0,0
Kayseri,173,PM2.5,17,3,111,182,932,62,0,0,0,0
Warangal,129,PM2.5,23,9,46,73,457,10,6,21,3,0
Changshu,106,PM2.5,11,3,40,70,692,24,0,0,0,0
Bordeaux,22,PM2.5,21,1,7,14,135,9,13,22,0,0
Songkhla,69,PM2.5,28,6,22,48,220,7,0,0,0,0
Yichun Jiangxi,63,PM2.5,15,2,17,24,124,8,1,10,0,0
Krasnodar,81,PM2.5,15,1,27,28,222,23,0,0,0,0
Cancun,35,O3,37,0,9,17,94,0,0,0,0,0
Jixi Heilongjiang,69,PM10,36,3,20,76,249,9,0,0,0,0
Morelia,77,PM2.5,53,6,25,43,871,12,0,0,0,0
Dnipro,72,PM2.5,18,3,24,34,196,24,0,0,0,0
Khulna,74,PM2.5,14,2,24,24,289,4,7,19,3,0
Jerusalem,90,PM10,45,1,32,139,598,5,3,4,0,0
Dehradun,151,PM2.5,17,3,44,96,523,20,6,23,2,0
Fort Worth,52,PM2.5,27,1,14,33,292,17,3,6,0,0
Jiujiang,113,PM2.5,1,3,45,91,656,35,0,0,0,0
Southampton,37,PM2.5,37,1,6,25,161,7,2,8,0,0
Arequipa,43,O3,45,2,10,16,87,1,0,0,0,0
Ciudad Guayana,25,O3,24,0,2,3,94,1,0,0,0,0
Zamboanga City,45,PM2.5,40,0,10,23,111,8,0,0,0,0
Veracruz,39,PM2.5,38,1,9,15,125,1,0,0,0,0
Jacksonville,71,PM2.5,52,2,19,47,700,42,0,0,0,0
Pathum Thani,151,PM2.5,6,5,50,105,626,36,0,0,0,0
Rajshahi,142,PM2.5,24,7,57,98,361,12,16,43,0,0
Guigang,101,PM2.5,21,2,39,69,151,6,1,4,0,0
Columbus,48,PM2.5,27,2,12,48,200,27,0,0,0,0
Charlotte,53,PM2.5,41,0,14,42,216,21,0,2,0,0
Ulsan,62,PM2.5,33,2,16,21,490,16,0,3,0,0
Liverpool,70,PM2.5,19,1,25,29,227,25,8,19,0,0
Antipolo,42,PM2.5,38,0,8,15,166,3,0,0,0,0
Zhangzhou,78,PM2.5,6,3,28,65,383,26,1,6,0,0
Bergamo,58,PM2.5,2,2,16,19,1301,41,0,6,2,0
Donetsk,95,PM2.5,9,13,36,38,672,23,0,0,0,0
Malang,58,PM2.5,18,0,15,36,149,20,0,0,0,0
Linfen,154,PM2.5,2,6,56,128,1306,34,0,0,0,0
Sylhet,85,PM2.5,3,8,26,34,179,2,1,4,0,0
Indianapolis,64,PM2.5,21,1,21,35,318,22,0,0,0,0
Hermosillo,42,PM2.5,50,1,9,13,129,1,0,0,0,0
San Francisco,74,PM2.5,11,1,27,47,329,21,9,19,0,0
Guntur,78,PM2.5,6,5,22,41,360,8,1,9,1,0
Bahawalpur,175,PM2.5,20,3,103,150,1036,14,0,0,0,0
Tyumen,66,PM2.5,17,1,23,34,140,27,0,0,0,0
Soshanguve,17,PM2.5,17,0,2,13,778,1,1,2,1,0
Tuxtla Gutierrez,49,PM2.5,40,0,13,17,134,7,0,0,0,0
Puducherry,99,PM2.5,22,4,29,48,472,10,1,3,1,0
Culiacan,39,PM2.5,44,1,10,14,135,2,0,0,0,0
Saratov,53,PM2.5,19,1,12,14,136,16,0,0,0,0
Luzhou,182,PM2.5,3,6,120,135,941,34,0,0,0,0
Quebec City,39,PM2.5,31,1,9,26,152,16,0,0,0,0
Yibin,179,PM2.5,1,6,118,146,870,30,0,0,0,0
Ipoh,53,PM2.5,9,0,13,18,437,7,0,0,0,0
Winnipeg,28,O3,36,0,7,9,132,6,0,0,0,0
Bogra,164,PM2.5,16,1,91,91,527,12,0,0,0,0
Brazzaville,209,PM2.5,10,6,174,274,3467,71,68,124,3,0
Esfahan,83,PM2.5,34,0,29,31,334,14,0,6,0,0
Tokyo,57,PM2.5,17,1,19,48,260,48,1,17,0,136
Delhi,318,PM2.5,4,6,283,457,1690,67,132,184,17,0
Shanghai,80,PM2.5,13,2,25,29,381,34,0,0,0,0
Sao Paulo,86,PM2.5,37,0,31,45,230,22,0,0,4,0
Mexico City,175,O3,126,14,27,43,556,24,0,0,0,0
Dhaka,196,PM2.5,2,8,169,169,570,8,3,16,0,0
Cairo,82,PM2.5,2,30,29,57,467,31,0,0,0,0
Beijing,202,PM2.5,1,2,137,175,897,66,0,0,0,0
Mumbai,151,PM2.5,7,6,64,105,715,38,25,53,4,0
Osaka,37,PM2.5,30,1,9,33,260,13,4,17,0,0
Karachi,90,PM2.5,33,5,34,62,409,9,0,0,0,0
Chongqing,162,PM2.5,4,3,74,118,1349,49,0,0,0,0
Istanbul,166,PM2.5,3,5,110,136,2677,49,0,0,0,0
Buenos Aires,64,PM2.5,20,7,15,31,116,30,0,0,0,0
Kolkata,74,PM2.5,11,4,15,22,361,5,4,15,4,0
Manila,58,PM2.5,38,0,15,44,177,18,0,0,0,0
Tianjin,196,PM2.5,1,4,136,185,1510,53,0,0,0,0
Guangzhou,110,PM2.5,19,4,34,68,502,39,0,0,0,0
Rio de Janeiro,83,PM2.5,35,2,27,41,221,32,0,0,0,0
Lahore,158,PM2.5,6,4,70,147,843,10,6,17,1,0
Bangalore,128,PM2.5,8,4,43,117,470,39,7,28,0,0
Moscow,91,PM2.5,3,1,28,33,655,35,109,0,0,0
Shenzhen,103,PM2.5,7,2,34,83,648,47,0,0,0,0
Chennai,163,PM2.5,6,2,70,85,762,16,3,10,1,0
Bogota,29,PM2.5,30,0,7,12,204,5,2,8,0,0
Paris,65,PM2.5,12,0,19,23,297,36,9,29,0,0
Jakarta,160,PM2.5,6,6,85,85,3035,51,0,0,0,0
Lima,59,PM2.5,13,0,16,24,496,15,0,0,0,0
Bangkok,131,PM2.5,18,1,52,76,790,24,0,0,0,0
Seoul,81,PM2.5,26,4,25,35,853,34,0,0,0,0
Nagoya,66,PM2.5,8,2,18,47,290,43,1,16,0,206
London,20,PM2.5,16,1,5,8,908,12,11,19,0,0
Chengdu,168,PM2.5,5,4,102,138,1043,42,0,0,0,0
Nanjing,152,PM2.5,3,2,62,129,860,76,0,0,0,0
Ho Chi Minh City,104,PM2.5,10,8,34,79,566,28,0,0,0,0
Wuhan,134,PM2.5,3,4,49,131,1698,91,0,0,0,0
Xi-an Shaanxi,134,PM2.5,7,1,46,92,86,19,62,36,14,0
Ahmedabad,168,PM2.5,2,13,73,152,650,37,8,28,3,0
New York City,52,PM2.5,29,0,14,28,207,17,6,15,0,0
Kuala Lumpur,84,PM2.5,9,3,28,62,918,41,0,0,0,0
Hangzhou,97,PM2.5,3,2,37,94,935,41,0,0,0,0
Hong Kong,85,PM2.5,14,6,24,37,689,25,0,0,0,0
Surat,225,PM2.5,15,20,178,295,1694,12,16,32,9,0
Dongguan,93,PM2.5,22,3,31,59,382,25,0,0,0,0
Suzhou,73,PM2.5,38,0,23,48,171,14,0,0,0,0
Foshan,110,PM2.5,4,3,38,72,614,58,0,0,0,0
Riyadh,146,PM2.5,2,19,50,94,237,44,0,0,0,0
Shenyang,159,PM2.5,10,9,88,143,856,28,0,0,0,0
Pune,102,PM2.5,3,44,32,53,1063,43,9,24,2,0
Madrid,56,PM2.5,30,1,13,27,371,31,3,14,0,0
Haerbin,125,PM2.5,19,5,47,72,335,13,0,0,0,0
Toronto,31,PM2.5,25,2,7,30,200,20,5,12,0,0
Belo Horizonte,67,PM2.5,34,2,21,31,228,29,0,0,0,0
Singapore,65,PM2.5,38,6,15,31,216,22,0,0,0,0
Johannesburg,72,PM2.5,25,2,23,44,727,34,3,6,1,0
Dalian,51,PM2.5,35,1,11,26,331,23,1,4,0,0
Barcelona,65,PM2.5,33,0,18,30,175,33,3,14,1,0
Fukuoka,57,PM2.5,21,0,16,45,398,37,1,9,0,135
Ji-nan Shandong,152,PM2.5,36,6,61,126,670,37,0,0,0,0
Zhengzhou,165,PM2.5,2,4,83,155,351,48,0,0,0,0
Saint Petersburg,73,PM2.5,23,2,25,31,230,33,0,0,0,0
Alexandria,51,PM2.5,22,9,13,24,136,18,0,0,0,0
Guadalajara,66,PM2.5,74,2,17,23,229,15,0,0,0,0
Ankara,158,PM2.5,7,5,82,129,1772,70,0,0,0,0
Chittagong,53,PM2.5,20,2,13,20,220,2,2,10,0,0
Melbourne,36,PM10,14,1,6,48,253,17,0,0,0,0
Addis Ababa,71,PM2.5,22,1,21,46,3023,7,0,0,0,0
Sydney,45,PM2.5,17,0,13,43,118,20,0,0,0,0
Monterrey,74,PM2.5,65,9,24,36,451,21,0,0,0,0
Nairobi,56,PM2.5,13,2,16,22,707,11,0,0,0,0
Hanoi,207,PM2.5,4,10,163,163,1421,43,0,0,0,0
Brasilia,48,PM2.5,30,0,14,14,178,17,0,0,0,0
Cape Town,49,PM2.5,10,3,11,34,702,33,3,5,0,0
Jiddah,147,PM2.5,5,161,64,115,436,58,0,0,0,0
Changsha,119,PM2.5,7,3,43,113,898,41,0,0,0,0
Kunming,124,PM2.5,23,5,45,60,631,15,0,0,0,0
Urumqi,74,PM10,4,3,6,96,1652,50,0,0,0,0
Changchun,125,PM2.5,12,4,44,83,833,16,0,0,0,0
Xinbei,64,PM2.5,15,2,19,47,245,29,1,11,0,0
Shantou,84,PM2.5,22,5,33,61,281,20,0,0,0,0
Hefei,158,PM2.5,1,5,67,174,1434,81,0,0,0,0
Rome,67,PM2.5,19,1,21,29,426,28,4,13,1,0
Ningbo,90,PM2.5,2,5,26,44,490,31,0,0,0,0
Tel Aviv,73,PM10,35,1,24,105,356,11,5,15,1,0
Montreal,52,PM2.5,26,1,12,41,224,15,1,4,0,0
Shijiazhuang,98,PM2.5,2,10,39,124,1296,42,0,0,0,0
Recife,68,PM2.5,14,1,20,47,97,15,0,0,0,0
Porto Alegre,62,PM2.5,21,1,16,28,94,26,0,0,0,0
Fortaleza,68,PM2.5,23,0,21,39,100,13,0,0,0,0
Medellin,77,PM2.5,35,0,27,36,173,24,0,0,0,0
Jaipur,56,PM2.5,40,0,14,63,30,11,0,2,0,0
Los Angeles,106,PM2.5,17,0,43,68,534,35,6,27,0,0
Taiyuan Shanxi,79,PM2.5,32,1,20,32,167,15,1,8,0,0
Nanning,118,PM2.5,22,10,41,88,826,30,0,0,0,0
Salvador,54,PM2.5,19,0,14,35,100,18,0,0,0,0
Xiamen,56,PM2.5,22,5,13,19,966,24,0,0,0,0
Lucknow,214,PM2.5,4,4,166,305,2280,46,25,58,6,0
Fuzhou Fujian,75,PM2.5,15,2,27,57,242,35,1,10,0,0
Changzhou,122,PM2.5,6,3,45,88,796,42,0,0,0,0
Kozhikode,87,PM2.5,10,1,32,52,494,22,8,23,0,0
Curitiba,55,PM2.5,24,1,14,21,118,14,0,0,0,0
Wenzhou,40,PM2.5,30,0,9,17,209,16,3,11,0,0
Nanchang,125,PM2.5,0,5,48,102,1179,49,0,0,0,0
Malappuram,78,PM2.5,8,2,27,41,508,11,8,25,0,0
Berlin,120,PM2.5,1,1,44,68,265,33,16,27,1,0
Faisalabad,151,PM2.5,14,5,56,81,712,12,0,0,0,0
Bekasi,164,PM2.5,3,5,90,90,3451,63,0,0,0,0
Kampala,152,PM2.5,24,0,67,67,998,5,0,0,0,0
Busan,64,PM2.5,55,2,17,24,454,21,0,3,0,0
Guiyang,123,PM2.5,4,8,43,122,1097,32,0,0,0,0
Campinas,70,PM2.5,44,2,18,45,290,14,0,0,1,0
Wuxi,34,PM2.5,37,1,7,14,92,4,1,4,0,0
Puebla,55,PM2.5,57,3,13,28,144,20,0,0,0,0
Thrissur,72,PM2.5,19,2,21,41,744,8,15,28,0,0
Kochi,21,PM2.5,3,4,3,9,641,10,31,41,0,0
Kuwait City,128,PM2.5,33,40,46,77,199,45,0,0,0,0
Durban,80,PM2.5,24,1,23,64,645,32,0,0,2,0
Lanzhou,93,PM2.5,3,8,35,128,1328,50,0,0,0,0
Kanpur,176,PM2.5,4,3,107,232,1306,30,4,22,653,0
Athens,96,PM2.5,18,3,39,52,1053,27,0,0,2,0
Milan,74,PM2.5,5,1,25,31,904,44,0,13,2,0
Indore,190,PM2.5,28,6,128,232,729,28,6,24,3,0
Guayaquil,65,PM2.5,43,6,19,32,191,6,0,0,0,0
Izmir,120,PM2.5,5,3,40,56,1142,45,0,0,0,0
Kiev,90,PM2.5,19,3,37,46,183,29,0,0,0,0
Surabaya,65,PM2.5,10,4,16,23,477,12,0,0,0,0
Lisbon,70,PM2.5,30,0,22,52,154,28,0,0,0,0
Caracas,29,PM2.5,25,4,6,10,122,7,0,0,0,0
Nagpur,157,PM2.5,26,0,72,184,1620,30,6,31,0,0
Shizuoka,23,PM2.5,15,1,5,6,194,7,0,7,0,87
Dubai,143,PM2.5,18,8,51,86,336,56,0,0,0,0
Coimbatore,101,PM2.5,7,2,36,64,471,21,11,29,0,0
Incheon,112,PM2.5,26,5,42,63,1429,41,0,0,0,0
Cali,52,PM2.5,22,0,12,23,119,24,0,0,0,0
Manchester,26,PM2.5,31,1,6,13,232,6,2,12,0,0
Goiania,52,PM2.5,27,0,14,31,188,13,0,0,0,0
Taibei,72,PM2.5,19,2,26,31,135,18,1,12,0,0
Thiruvananthapuram,57,PM2.5,7,4,12,41,253,18,1,9,2,0
Chicago,48,PM2.5,21,1,13,33,232,31,0,0,0,0
Sapporo,46,PM2.5,18,0,11,26,297,30,1,12,0,52
Pretoria,74,PM2.5,38,1,20,34,599,34,1,6,1,0
Birmingham,56,PM2.5,19,2,16,18,209,18,2,12,0,0
Yantai,104,PM2.5,48,4,35,84,635,15,0,0,0,0
Bandung,154,PM2.5,4,0,65,65,1984,38,0,0,0,0
Vancouver,28,PM2.5,13,0,7,24,272,24,9,19,0,0
Patna,209,PM2.5,10,6,174,274,3467,71,68,124,3,0
Luoyang,152,PM2.5,0,6,60,169,605,45,0,0,0,0
Bhopal,194,PM2.5,19,4,138,305,924,45,2,25,0,0
Brisbane,37,PM10,21,3,7,51,53,20,0,0,0,0
Tangerang,166,PM2.5,6,6,89,95,2370,45,0,0,0,0
Baku,28,PM2.5,7,1,6,9,147,20,0,0,0,0
Medan,84,PM2.5,7,0,27,39,828,12,0,0,0,0
Sendai,22,PM2.5,8,0,4,5,210,12,3,15,0,121
Houston,41,PM2.5,34,0,10,34,239,14,2,5,0,0
Manaus,54,PM2.5,19,1,13,39,149,18,0,0,0,0
Barranquilla,54,PM2.5,41,0,16,44,111,9,0,0,0,0
Maracaibo,35,PM2.5,35,4,9,16,148,7,0,0,0,0
Gujranwala,153,PM2.5,13,3,63,103,716,10,6,16,1,0
Rawalpindi,91,PM2.5,16,2,30,44,733,18,0,0,0,0
Peshawar,157,PM2.5,2,1,65,94,1633,34,0,0,0,0
Agra,183,PM2.5,3,6,112,163,1683,13,12,39,1,0
Baotou,64,PM2.5,34,2,18,52,306,3,0,0,0,0
Vadodara,187,PM2.5,9,11,118,200,873,43,10,35,5,0
Kannur,96,PM2.5,8,0,36,62,603,16,7,21,0,0
Liuzhou,22,O3,36,1,4,10,183,7,6,18,0,0
Visakhapatnam,55,PM2.5,13,7,13,29,218,3,2,4,1,0
Xuzhou,93,PM2.5,24,2,32,60,150,18,1,5,0,0
Daegu,86,PM2.5,23,2,29,38,614,24,0,3,0,0
Naples,59,PM2.5,20,1,18,35,581,49,0,0,1,0
Amman,82,PM2.5,35,2,29,123,305,5,5,10,0,0
Tijuana,83,PM2.5,34,0,29,31,334,14,0,6,0,0
Nashik,152,PM2.5,23,1,64,108,638,31,0,9,1,0
Vijayawada,97,PM2.5,6,5,27,48,360,14,1,9,1,0
Brussels,45,PM2.5,3,0,13,16,350,11,14,2,1,0
Hiroshima,24,PM2.5,20,1,5,6,201,5,1,6,0,20
Perth,18,PM2.5,18,0,5,18,58,15,0,0,0,0
Multan,187,PM2.5,10,9,121,180,1184,27,0,0,0,0
Minsk,68,PM2.5,14,2,19,21,197,8,0,0,0,0
Baoding,65,PM2.5,41,0,19,41,215,11,0,2,0,0
Vienna,65,PM2.5,12,0,20,27,223,19,0,9,1,0
Kollam,57,PM2.5,11,2,12,33,319,7,8,20,2,0
Valencia,60,PM2.5,31,1,16,22,162,19,1,9,0,0
Rajkot,130,PM2.5,35,2,48,61,218,11,3,10,0,0
Haikou,88,O3,64,3,20,39,338,2,0,0,0,0
Yancheng Jiangsu,92,PM2.5,30,1,34,64,283,25,1,9,0,0
Rabat,37,O3,37,2,8,17,127,3,0,0,0,0
West Yorkshire,65,PM2.5,12,1,21,25,222,31,25,48,0,0
Quito,50,PM2.5,25,0,12,18,243,9,0,0,0,0
Hyderabad,168,PM2.5,6,2,82,208,1131,34,11,26,6,0
Ludhiana,166,PM2.5,6,3,90,197,58,20,35,58,2,0
La Paz,35,O3,44,1,6,14,105,1,0,0,0,0
Davao City,76,PM2.5,29,1,25,28,139,7,0,0,0,0
Turin,87,PM2.5,4,2,27,38,1375,61,3,5,2,0
Bucharest,92,PM2.5,5,3,34,49,268,19,5,0,1,0
Adana,142,PM2.5,26,9,59,151,907,37,0,0,0,0
Warsaw,104,PM2.5,3,0,36,41,563,17,0,18,2,0
Hamburg,98,PM2.5,9,1,31,33,120,21,7,16,0,0
Newcastle upon Tyne,32,PM2.5,23,1,7,13,170,11,1,12,0,0
Thessaloniki,103,PM2.5,9,2,35,64,154,21,0,0,4,0
Bologna,103,PM2.5,13,1,41,51,563,54,9,22,1,0
Barcelona-Puerto La Cruz,31,O3,33,0,6,13,176,7,3,9,1,0
Cherthala,52,PM2.5,4,5,10,18,702,10,30,41,0,0
Quzhou,97,PM2.5,2,2,30,72,535,32,0,0,0,0
Sorocaba,63,PM2.5,50,1,18,27,319,23,0,0,2,0
Nottingham,53,PM2.5,12,1,12,22,203,21,12,28,0,0
Xalapa,31,O3,41,0,6,9,124,1,0,0,0,0
Frankfurt,37,PM2.5,6,0,10,18,258,21,13,32,1,0
Nakhon Ratchasima,147,PM2.5,18,2,55,83,690,33,0,0,0,0
Vereeniging,59,PM2.5,33,1,18,31,311,26,3,14,0,0
Seattle,58,PM2.5,20,0,17,42,200,29,3,11,0,0
Bozhou,130,PM2.5,30,1,49,96,216,11,0,0,0,0
Nellore,160,PM2.5,25,7,69,92,572,29,3,10,2,0
Hamilton,51,PM2.5,28,1,12,39,263,12,1,9,0,0
Cagayan de Oro City,43,PM2.5,36,0,8,13,129,1,0,0,0,0
Krakow,135,PM2.5,1,3,51,55,327,24,0,60,1,0
Gorakhpur,154,PM2.5,0,7,68,132,795,11,2,57,0,0
Dasmarinas,69,PM2.5,39,1,23,39,160,18,0,0,0,0
Ar-Rayyan,68,PM2.5,17,1,22,96,132,10,0,0,0,0
Cuttack,43,PM2.5,22,1,10,15,246,3,0,0,0,0
Denver,37,PM10,39,0,9,49,229,22,0,1,0,0
Qingyuan,74,PM2.5,19,2,8,16,218,14,1,15,0,0
Banjarmasin,41,PM2.5,17,1,8,11,179,2,0,0,0,0
Kottayam,67,PM2.5,7,5,18,35,661,16,28,39,0,0
Belgaum,45,PM2.5,3,0,13,16,350,11,14,2,1,0
Sheffield,49,PM2.5,11,1,13,16,216,21,14,31,0,0
Gaza,102,PM10,33,0,34,149,439,4,0,4,1,0
Zaragoza,42,PM2.5,32,2,11,12,130,19,4,13,0,0
Zaporizhzhya,82,PM2.5,13,11,29,31,537,24,0,0,0,0
Malegaon,152,PM2.5,18,3,62,108,888,20,1,8,3,0
Sao Jose dos Campos,77,PM2.5,46,0,27,30,201,19,0,0,0,0
Mangalore,143,PM2.5,8,2,54,76,398,13,4,14,0,0
Okayama,33,PM2.5,19,2,9,37,295,25,1,4,0,86
Ribeirao Preto,55,PM2.5,38,0,14,41,148,14,0,0,0,0
Xianyang Shaanxi,55,PM2.5,38,0,14,41,148,14,0,0,0,0
Bunia,18,PM2.5,17,0,4,7,114,0,0,0,0,0
Lviv,109,PM2.5,14,3,44,58,206,26,0,24,2,0
Tongliao,89,PM2.5,31,3,28,33,350,13,0,0,0,0
Sialkot,152,PM2.5,13,2,56,85,827,13,13,23,0,0
Buffalo City,72,PM2.5,23,0,22,55,81,30,0,0,0,0
Suining Sichuan,72,PM2.5,23,0,22,55,81,30,0,0,0,0
Oaxaca de Juarez,52,PM2.5,44,0,14,15,91,8,0,0,0,0
Washington,51,PM2.5,32,1,11,39,231,20,11,26,0,0
Sargodha,119,PM2.5,24,2,41,59,475,4,0,0,0,0
Bhavnagar,190,PM2.5,15,13,129,214,970,19,12,32,7,0
Gold Coast,25,PM2.5,26,1,5,18,51,14,0,0,0,0
Florence,37,PM2.5,31,1,9,13,242,3,1,7,0,0
Jammu,37,PM2.5,36,0,9,21,205,15,2,9,0,0
Yulin Shaanxi,37,PM2.5,36,0,9,21,205,15,2,9,0,0
Nanded Waghala,136,PM2.5,2,11,51,82,415,4,12,16,0,0
Tirupati,161,PM2.5,26,3,73,80,831,5,2,7,2,0
Bacoor,38,PM2.5,39,0,9,16,163,2,0,0,0,0
The Hague,76,PM2.5,13,0,24,32,250,33,3,0,1,0
Seville,63,PM2.5,32,2,18,38,360,24,7,21,0,0
Dongtai,107,PM2.5,21,2,39,60,682,15,0,0,0,0
Bali,26,O3,27,0,4,7,143,1,0,0,0,0
Boston,39,PM2.5,33,0,10,27,243,13,4,8,0,0
Yuxi,114,PM2.5,18,4,42,52,636,15,0,0,0,0
Bristol,27,O3,37,0,4,14,168,1,1,3,0,0
Cheonan,163,PM2.5,6,2,70,85,762,16,3,10,1,0
Jundiai,60,O3,50,1,15,40,279,10,0,0,2,0
Gulbarga,163,PM2.5,11,6,76,124,367,41,11,48,0,0
Padova,92,PM2.5,11,0,32,38,612,19,0,25,2,0
Durgapur,158,PM2.5,19,19,73,102,267,9,8,27,1,0
Kurnool,157,PM2.5,14,9,65,96,571,13,2,10,1,0
El Paso,52,PM2.5,21,0,12,48,200,11,5,7,0,0
Nantes,64,PM2.5,23,0,21,27,141,28,3,1,0,0
Zagreb,81,PM2.5,11,5,26,28,351,25,0,0,1,0
Nashville,71,PM2.5,36,0,24,45,111,13,0,0,0,0
Genoa,79,PM2.5,25,2,23,23,331,30,2,8,1,0
Ezhou,45,PM2.5,33,1,10,25,337,18,1,4,0,0
Santiago,75,PM2.5,55,4,22,71,433,33,0,0,0,0
Mar Del Plata,52,PM2.5,18,0,11,23,70,8,0,0,0,0
Lodz,116,PM2.5,1,1,45,53,546,18,0,26,3,0
Oklahoma City,60,PM10,44,0,15,87,400,19,2,7,0,0
Las Vegas,59,PM10,24,0,14,71,361,27,12,0,0,0
General Santos City,34,PM2.5,20,0,9,13,226,2,0,0,0,0
Detroit,35,PM10,33,1,8,33,194,20,0,0,0,0
Manama,137,PM2.5,33,35,49,91,200,22,0,0,0,0
Portland,51,PM2.5,9,1,13,29,251,23,21,34,0,0
Macao,84,PM2.5,13,4,29,70,613,42,0,0,0,0
Zhoushan,59,PM2.5,36,0,16,29,116,15,0,0,0,0
Jhansi,182,PM2.5,9,9,115,145,1699,10,31,39,0,0
Memphis,59,PM2.5,22,0,13,33,115,18,0,0,0,0
Doha,157,PM2.5,19,18,74,120,248,47,0,0,0,0
Chiclayo,37,PM2.5,26,1,9,15,79,1,0,0,0,0
Wuhai,77,PM2.5,23,6,26,43,860,13,0,0,0,0
Be'er Sheva,92,PM10,31,1,28,124,409,6,0,9,0,0
Durango,34,O3,44,0,1,2,73,0,0,0,0,0
Bokaro Steel City,151,PM2.5,21,63,53,102,347,15,4,28,0,0
Wroclaw,97,PM2.5,3,3,29,52,316,25,1,29,1,0
Venezia,72,PM2.5,19,0,25,47,255,29,0,28,2,0
Jambi,50,PM2.5,23,1,12,17,242,1,0,0,0,0
Duesseldorf,62,PM2.5,7,1,19,28,292,21,17,2,1,0
Belfast,86,PM2.5,10,2,39,51,391,32,98,64,0,0
Stuttgart,27,PM10,5,1,7,32,277,24,36,5,0,0
Riga,72,PM2.5,15,1,21,23,169,16,0,0,0,0
Kolhapur,117,PM2.5,15,2,44,68,453,20,7,15,1,0
Bacolod,57,PM2.5,37,0,15,38,115,9,0,0,0,0
Ulyanovsk,57,PM2.5,16,1,15,15,146,13,0,0,0,0
Al-Ain,157,PM2.5,5,4,75,99,241,57,0,0,0,0
Bari,25,O3,24,1,7,8,181,6,0,0,0,0
Yulin Guangxi,83,PM2.5,23,2,28,51,160,10,1,5,0,0
Ajmer,159,PM2.5,17,5,67,130,847,30,2,34,5,0
Kuching,31,PM2.5,23,0,7,10,223,2,0,0,0,0
Geneva,46,PM2.5,13,0,9,4,126,3,1,1,0,0
Anshun,50,PM2.5,29,0,13,38,229,22,5,15,0,0
Colombo,53,PM2.5,25,1,13,25,106,24,0,0,0,0
Ujjain,148,PM2.5,33,1,47,181,820,28,7,16,1,0
Gothenburg,64,PM2.5,5,0,15,22,160,18,0,0,0,0
Patiala,138,PM2.5,5,1,51,110,750,25,7161,12,2087,0
Bilaspur,151,PM2.5,9,2,39,77,495,16,10,34,2,0
Louisville,69,PM2.5,30,1,23,47,287,21,0,0,0,0
San Jose del Monte,60,PM2.5,36,0,17,31,182,24,0,0,0,0
Yaroslavl,52,PM2.5,25,1,11,15,156,16,0,0,0,0
Brighton,52,PM2.5,15,1,12,17,290,13,16,28,0,0
Feira De Santana,23,O3,23,1,4,7,117,4,0,0,0,0
Comilla,156,PM2.5,1,8,72,74,593,6,3,16,0,0
Mathura,204,PM2.5,2,4,153,204,1725,15,28,71,0,0
Skopje,103,PM2.5,19,4,33,44,680,6,0,0,0,0
Leipzig,55,PM2.5,12,0,15,29,274,9,52,17,1,0
Agartala,152,PM2.5,1,8,57,91,602,17,3,16,0,0
Kingston,25,PM2.5,24,0,7,33,134,10,0,0,0,0
Sangli,149,PM2.5,7,2,57,72,427,31,6,12,1,0
Malaga,59,PM2.5,37,1,17,27,231,19,2,8,0,0
Ibague,34,O3,34,0,7,12,127,1,0,0,0,0
Dortmund,45,PM2.5,10,1,13,21,268,25,24,2,0,0
Kagoshima,35,PM2.5,26,1,6,9,200,6,0,6,0,80
Cabimas,47,O3,54,3,8,13,156,4,0,0,0,0
Milwaukee,44,PM2.5,34,1,12,32,246,16,0,0,0,0
Samut Sakhon,186,PM2.5,6,2,126,166,728,57,0,0,0,0
Essen,36,PM2.5,9,1,8,22,301,18,18,0,0,0
Dresden,31,PM2.5,7,0,7,12,392,4,23,11,1,0
Udaipur,191,PM2.5,8,3,126,229,210,27,17,71,2,0
Vellore,159,PM2.5,16,4,68,97,637,16,4,13,1,0
Thoothukkudi,74,PM2.5,2,0,21,36,192,7,4,11,0,0
Bloemfontein,28,O3,26,1,6,8,153,1,0,0,0,0
Udon Thani,161,PM2.5,14,3,84,122,1370,27,0,0,0,0
Jalgaon,175,PM2.5,5,21,99,147,1092,32,6,26,5,0
Zaoyang,152,PM2.5,10,6,67,119,808,32,0,0,0,0
Yiyang Hunan,177,PM2.5,26,5,100,175,726,17,6,23,3,0
Baltimore,41,PM2.5,36,0,8,32,129,14,3,10,0,0
Kitchener,44,PM2.5,30,2,10,21,294,16,5,12,0,0
Poza Rica de Hidalgo,39,PM2.5,37,6,9,13,132,2,0,0,0,0
Oujda,33,O3,29,1,5,9,108,3,0,0,0,0
Orenburg,70,PM2.5,16,0,20,44,138,28,0,0,0,0
Bremen,69,PM2.5,5,0,20,27,246,17,7,7,0,0
Kota Kinabalu,26,O3,27,0,3,5,153,2,0,0,0,0
Basel,57,PM2.5,5,1,16,17,161,16,0,5,0,0
Gomel,54,PM2.5,22,1,13,16,163,3,0,0,0,0
Albuquerque,54,PM10,35,1,11,50,47,14,3,7,0,0
Meknes,30,O3,29,2,8,12,120,4,0,0,0,0
Panipat,160,PM2.5,19,6,78,150,1179,30,11,24,1,0
Irbid,64,PM2.5,27,1,17,40,355,8,2,11,0,0
Chiang Rai,85,PM2.5,26,1,27,32,440,1,0,0,0,0
Leicester,52,PM2.5,17,2,14,22,220,25,19,40,0,0
Tucson,52,PM2.5,38,0,11,48,112,11,0,0,0,0
Imus,70,PM2.5,39,1,32,85,163,10,0,0,0,0
Villavicencio,35,PM2.5,31,0,12,18,120,5,0,0,0,0
Sakarya,169,PM2.5,4,24,92,125,1928,25,0,0,0,0
Utrecht,67,PM2.5,6,1,24,25,246,16,2,0,0,0
Larkana,178,PM2.5,21,3,104,155,809,11,0,0,0,0
Basilan City,34,O3,39,0,4,6,114,0,0,0,0,0
Kerman,64,PM2.5,17,0,20,44,379,12,0,5,0,194
Mekele,48,PM2.5,30,0,12,20,255,1,0,0,0,0
Edinburgh,38,PM2.5,21,1,7,10,239,20,37,57,0,0
San Juan,31,O3,34,0,5,10,87,0,0,0,0,0
Ryazan,76,PM2.5,13,8,23,32,198,23,0,0,0,0
Vilnius,106,PM2.5,1,3,35,44,196,21,0,6,0,0
Calamba,35,PM2.5,39,0,8,14,157,2,0,0,0,0
Hannover,58,PM2.5,5,1,17,23,265,17,11,2,0,0
Fresno,80,PM2.5,15,0,25,46,374,20,1,9,0,848
Astrakhan,48,PM2.5,13,0,10,15,141,16,0,0,0,0
Bellary,156,PM2.5,1,34,61,89,501,47,5,16,0,0
Pietermaritzburg,58,PM2.5,20,3,16,39,459,21,0,0,0,0
Rustenburg,37,PM2.5,27,1,8,9,486,3,6,7,1,0
Sheikhupura,195,PM2.5,14,2,129,210,1154,38,4,41,2,0
Grenoble,59,PM2.5,19,1,9,31,306,26,18,10,0,0
Angeles City,55,PM2.5,24,1,15,23,195,3,0,0,0,0
Poznan,154,PM2.5,6,7,54,62,497,29,0,10,1,0
Cuautla Morelos,82,O3,67,9,11,16,203,1,0,0,0,0
Kalasin,75,PM2.5,58,5,20,34,280,1,0,0,0,0
Atlanta,112,PM2.5,23,3,40,61,1051,31,23,41,0,0
Rupganj,195,PM2.5,1,8,167,167,575,8,3,16,0,0
Penza,80,PM2.5,1,3,29,33,208,40,0,0,0,0
Porto Velho,28,PM2.5,12,3,7,10,177,5,0,0,0,0
Chuxiong,108,PM2.5,8,4,41,47,733,8,0,0,0,0
Duisburg,25,PM2.5,6,1,7,15,397,12,12,0,0,0
Muzaffarpur,219,PM2.5,3,1,165,232,924,48,12,45,6,0
Changge,129,PM2.5,16,4,48,116,667,28,0,0,0,0
Kuantan,44,PM2.5,27,1,10,17,249,1,0,0,0,0
Kandahar,23,PM2.5,30,1,6,12,296,11,5,21,0,0
Nurenberg,30,PM2.5,2,1,8,18,282,9,11,0,0,0
London CA,21,O3,30,1,3,6,311,5,5,12,0,0
Bournemouth,44,PM2.5,20,0,9,12,143,10,3,11,0,0
Khon-Kaen,85,PM2.5,52,4,20,33,304,1,0,0,0,0
Cheboksary,59,PM2.5,25,2,12,18,138,19,0,0,0,0
Lipetsk,166,PM2.5,9,5,78,90,363,29,0,0,0,0
Murcia,33,O3,27,2,2,13,436,10,5,15,0,0
Tirana,31,O3,34,0,5,7,131,3,0,0,0,0
Surat Thani,76,PM2.5,22,1,22,41,270,3,0,0,0,0
Kansas City,54,PM2.5,30,1,12,63,300,17,2,6,0,0
