,city,AQI,Population,Country,area,density
0,Tokyo,59.91304347826087,37339804,Japan,6276,5949.61822817081
1,Delhi,205.87951807228916,31181376,India,1484,21011.708894878706
2,Shanghai,113.93975903614458,27795702,China,6340,4384.180126182965
3,Sao Paulo,72.71686746987952,22237472,Brazil,1521,14620.297172912558
4,Mexico City,121.43636363636364,21918936,Mexico,1485,14760.226262626262
5,Dhaka,144.2439024390244,21741090,Bangladesh,3064,7095.656005221932
6,Cairo,88.78527607361963,21322750,Egypt,3085,6911.750405186386
7,Beijing,124.90853658536585,20896820,China,16411,1273.3422704283712
8,Mumbai,168.9939024390244,20667656,India,6034,3425.199867417965
9,Osaka,49.88414634146341,19110616,Japan,223,85697.82959641256
10,Karachi,138.40243902439025,16459472,Pakistan,3780,4354.357671957672
11,Chongqing,142.5121951219512,16382376,China,82300,199.05681652490887
12,Istanbul,104.32317073170732,15415197,Turkey,5343,2885.1201572150476
13,Buenos Aires,57.78395061728395,15257673,Argentina,203,75160.95073891626
14,Kolkata,149.25,14974073,India,2061,7265.440562833576
15,Kinshasa,150.8,14970460,DR Congo,9965,1502.3040642247868
16,Manila,65.95731707317073,14158573,Philippines,4288,3301.9060167910447
17,Tianjin,148.44242424242424,13794450,China,11760,1172.9974489795918
18,Guangzhou,108.52409638554217,13635397,China,7434,1834.193839117568
19,Rio de Janeiro,81.86144578313252,13544462,Brazil,1255,10792.4
20,Lahore,201.3012048192771,13095166,Pakistan,1772,7390.048532731377
21,Bangalore,121.34939759036145,12764935,India,741,17226.632928475035
22,Moscow,82.94578313253012,12593252,Russia,2511,5015.233771405814
23,Shenzhen,86.34939759036145,12591696,China,2050,6142.290731707317
24,Chennai,113.17469879518072,11235018,India,426,26373.281690140844
25,Bogota,49.602409638554214,11167392,Colombia,1775,6291.488450704225
26,Paris,60.736196319018404,11078546,France,1054,10510.954459203036
27,Jakarta,83.83132530120481,10915364,Indonesia,6615,1650.0928193499622
28,Lima,74.90963855421687,10882757,Peru,2672,4072.8880988023952
29,Bangkok,134.68072289156626,10722815,Thailand,1569,6834.171446781389
30,Hyderabad,145.25301204819277,1886734,Pakistan,650,2902.6676923076925
32,Seoul,81.3433734939759,9967677,South Korea,6052,1647.005452742895
33,Nagoya,63.95180722891566,9565642,Japan,3264,2930.6501225490197
34,London,32.19277108433735,9425622,United Kingdom,1572,5995.942748091603
35,Chengdu,138.06024096385542,9305116,China,14378,647.1773542912783
36,Tehran,115.4,9259009,Iran,730,12683.57397260274
37,Nanjing,154.1341463414634,9143980,China,6596,1386.2916919345057
38,Ho Chi Minh City,130.21686746987953,8837544,Vietnam,2061,4287.988355167395
39,Luanda,134.0,8631876,Angola,113,76388.2831858407
40,Wuhan,178.16463414634146,8473405,China,8494,997.5753473039792
41,Xi-an Shaanxi,156.09036144578315,8274651,China,10097,819.5157967713183
42,Ahmedabad,158.45454545454547,8253226,India,464,17787.125
43,New York City,66.82926829268293,8230290,United States,7838,1050.0497575912223
44,Kuala Lumpur,116.57926829268293,8210745,Malaysia,243,33789.07407407407
45,Hangzhou,114.82530120481928,7845501,China,16847,465.69128034664925
46,Hong Kong,76.14110429447852,7598189,Hong Kong,1106,6869.971971066908
47,Surat,184.1939393939394,7489742,India,4742,1579.4479122733023
48,Dongguan,97.56626506024097,7451889,China,2465,3023.078701825558
49,Suzhou,73.06547619047619,1219579,China,8488,143.6827285579642
51,Foshan,108.39024390243902,7406751,China,3848,1924.831340956341
52,Riyadh,147.32530120481928,7387817,Saudi Arabia,1973,3744.45869234668
53,Shenyang,112.2710843373494,7373655,China,12942,569.7461752433936
54,Baghdad,110.56756756756756,7323079,Iraq,2042,3586.2286973555338
55,Dar es Salaam,122.5,7046892,Tanzania,1590,4432.007547169811
56,Santiago,71.38323353293413,672272,Dominican Republic,641,1048.786271450858
58,Pune,149.83132530120483,6807984,India,5162,1318.865555986052
59,Madrid,63.27710843373494,6668865,Spain,6043,1103.5685917590602
60,Haerbin,98.34939759036145,6526439,China,53068,122.9825695334288
61,Toronto,51.98192771084337,6254571,Canada,6302,992.4739765153919
62,Belo Horizonte,62.28915662650602,6139774,Brazil,3309,1855.4771834391054
63,Singapore,70.79518072289157,5991801,Singapore,7286,822.3718089486687
64,Khartoum,70.28205128205128,5989024,Sudan,1010,5929.726732673267
65,Johannesburg,86.91515151515152,5926668,South Africa,1645,3602.837689969605
66,Dalian,58.345454545454544,5775938,China,13237,436.3479640401904
67,Barcelona,73.96987951807229,5624498,Spain,1019,5519.625122669284
68,Fukuoka,67.60606060606061,5516158,Japan,3434,1606.336051252184
69,Ji-nan Shandong,146.71686746987953,5513597,China,10247,538.0693861618034
70,Zhengzhou,166.09638554216866,5510341,China,7533,731.4935616620204
71,Saint Petersburg,91.16969696969697,5504305,Russia,1439,3825.090340514246
72,Yangon,86.0,5421806,Myanmar,5988,905.4452237808952
73,Alexandria,65.41463414634147,5381101,Egypt,2679,2008.6229936543486
74,Abidjan,64.58333333333333,5354826,Ivory Coast,2119,2527.053327041057
75,Guadalajara,70.50920245398773,5259296,Mexico,1879,2798.986695050559
76,Ankara,102.94578313253012,5215747,Turkey,24521,212.7053138126504
77,Chittagong,76.59638554216868,5132751,Bangladesh,1681,3053.3914336704343
78,Melbourne,37.734939759036145,5061439,Australia,9992,506.54913931144915
79,Addis Ababa,66.92682926829268,5005524,Ethiopia,527,9498.148007590133
80,Sydney,47.18072289156626,4991654,Australia,12368,403.59427554980596
81,Monterrey,72.66867469879519,4955506,Mexico,3244,1527.5912453760789
82,Nairobi,48.16867469879518,4922192,Kenya,696,7072.114942528736
83,Hanoi,171.04819277108433,4874982,Vietnam,3359,1451.3194403096159
84,Brasilia,49.71084337349398,4727902,Brazil,5802,814.8745260255084
85,Cape Town,62.19277108433735,4709990,South Africa,4003,1176.6150387209593
86,Jiddah,131.16867469879517,4696535,Saudi Arabia,1600,2935.334375
87,Changsha,152.81927710843374,4694722,China,11819,397.21820797021746
88,Kunming,95.15151515151516,4550831,China,21501,211.656713641226
89,Urumqi,97.12048192771084,4543684,China,14577,311.70227070041847
90,Changchun,102.03012048192771,4520695,China,24734,182.77249939354735
91,Xinbei,73.57831325301204,4434905,Taiwan,4392,1009.768897996357
92,Shantou,78.46060606060605,4407928,China,2248,1960.8220640569396
93,Hefei,160.9939393939394,4371005,China,11434,382.281353856918
94,Kabul,123.45,4335770,Afghanistan,700,6193.957142857143
95,Rome,70.32716049382717,4278350,Italy,1285,3329.455252918288
96,Ningbo,101.38181818181818,4263843,China,9816,434.3768337408313
97,Tel Aviv,100.87878787878788,4263745,Israel,52,81995.09615384616
98,Montreal,56.53939393939394,4247446,Canada,4315,984.344380069525
99,Shijiazhuang,123.73939393939393,4199392,China,15849,264.96258439018237
100,Recife,68.07272727272728,4174774,Brazil,218,19150.339449541283
101,Yaounde,68.2,4164167,Cameroon,180,23134.26111111111
102,Porto Alegre,62.82608695652174,4160682,Brazil,4968,837.4963768115942
103,Fortaleza,66.24096385542168,4119633,Brazil,3138,1312.821223709369
104,Kano,66.6470588235294,4103015,Nigeria,499,8222.474949899799
105,Medellin,87.4329268292683,4033783,Colombia,382,10559.641361256545
106,Jaipur,120.85365853658537,4007505,India,467,8581.381156316917
107,Los Angeles,82.12269938650307,3983540,United States,1302,3059.5545314900155
108,Taiyuan Shanxi,78.71951219512195,3975985,China,6956,571.590713053479
109,Nanning,128.36363636363637,3974322,China,22189,179.11226283293524
110,Salvador,59.63030303030303,3880314,Brazil,21041,184.41680528491992
111,Douala,60.714285714285715,3793363,Cameroon,210,18063.633333333335
112,Xiamen,135.1829268292683,3790792,China,1701,2228.5667254556142
113,Lucknow,178.01807228915663,3764619,India,631,5966.115689381933
114,Fuzhou Fujian,78.19277108433735,3764559,China,12232,307.7631621975147
115,Changzhou,141.54819277108433,3749712,China,4385,855.1224629418472
116,Kozhikode,99.93975903614458,3742198,India,118,31713.542372881355
117,Curitiba,46.842424242424244,3726050,Brazil,432,8625.11574074074
118,Wenzhou,48.39156626506024,3725342,China,11784,316.1356076035302
119,Nanchang,129.92168674698794,3709958,China,7194,515.7016958576592
120,Ibadan,105.5,3649023,Nigeria,3080,1184.7477272727272
121,Malappuram,80.09146341463415,3608928,India,3554,1015.4552616769837
122,Berlin,111.23493975903614,3566791,Germany,8918,399.95413769903564
123,Faisalabad,174.33333333333334,3542020,Pakistan,1300,2724.630769230769
124,Antananarivo,159.5,3531887,Madagascar,8501,415.46723914833547
125,Bekasi,93.59146341463415,3510050,Indonesia,2105,1667.482185273159
126,Kumasi,96.33333333333333,3490030,Ghana,254,13740.27559055118
127,Kampala,121.4390243902439,3469510,Uganda,189,18357.195767195768
128,Busan,60.579268292682926,3465946,South Korea,770,4501.228571428572
129,Abuja,88.75,3464123,Nigeria,1769,1958.2379875635952
130,Guiyang,97.92682926829268,3407463,China,8034,424.1303211351755
131,Asuncion,99.73333333333333,3394309,Paraguay,117,29011.188034188035
132,Santo Domingo,102.85714285714286,3388809,Dominican Republic,1044,3245.985632183908
133,Campinas,62.63803680981595,3343816,Brazil,7957,420.23576724896316
134,Wuxi,53.28915662650602,3315113,China,4628,716.316551426102
135,Mashhad,57.0,3264101,Iran,328,9951.52743902439
136,Puebla,92.26666666666667,3244710,Mexico,546,5942.692307692308
137,Dakar,77.0,3229800,Senegal,83,38913.25301204819
138,Thrissur,96.0,3212604,India,1014,3168.248520710059
139,Kochi,92.06666666666666,3193029,India,9488,336.53341062394605
140,Kuwait City,131.6909090909091,3177315,Kuwait,200,15886.575
141,Durban,80.96987951807229,3176254,South Africa,2292,1385.8001745200697
142,Port Harcourt,81.3157894736842,3171076,Nigeria,369,8593.701897018971
143,Lanzhou,113.44848484848485,3153808,China,13087,240.98785053870253
144,Kanpur,174.26666666666668,3153425,India,260,12128.557692307691
145,Athens,86.48192771084338,3153255,Greece,3896,809.3570328542095
146,Milan,74.76829268292683,3144473,Italy,1818,1729.633113311331
147,Indore,161.79518072289156,3113445,India,525,5930.371428571429
148,Pyongyang,146.14285714285714,3108108,North Korea,2000,1554.054
149,Guayaquil,44.775757575757574,3042941,Ecuador,3445,883.2920174165457
150,Izmir,87.83734939759036,3024020,Turkey,11891,254.3116642839122
151,Kiev,81.36144578313252,3000604,Ukraine,839,3576.405244338498
152,Guatemala City,96.0,2983174,Guatemala,220,13559.881818181819
153,Surabaya,104.04294478527608,2972091,Indonesia,3268,909.452570379437
154,Lisbon,77.69090909090909,2971587,Portugal,100,29715.87
155,Caracas,32.024096385542165,2945858,Venezuela,433,6803.367205542725
156,Nagpur,150.89156626506025,2940487,India,3935,747.2648030495553
157,Shizuoka,44.95757575757576,2930341,Japan,7777,376.7958081522438
158,Dubai,133.16969696969696,2921376,United Arab Emirates,35,83467.88571428572
159,Ouagadougou,126.22222222222223,2914619,Burkina Faso,520,5605.036538461539
160,Coimbatore,113.8132530120482,2860445,India,2468,1159.0133711507294
161,Port-au-Prince,119.22222222222223,2843925,Haiti,3604,789.1023862375139
162,Incheon,100.74096385542168,2818288,South Korea,1063,2651.2587017873943
163,Cali,57.40963855421687,2809508,Colombia,423970,6.626666981154327
164,Algiers,78.25,2809158,Algeria,363,7738.727272727273
165,Manchester,47.51204819277108,2750120,United Kingdom,1156,2378.9965397923875
166,Goiania,62.403614457831324,2747887,Brazil,7288,377.04267288693745
167,Taibei,73.62048192771084,2731208,Taiwan,2718,1004.8594554819721
168,Bamako,71.0,2713230,Mali,245,11074.408163265307
169,Thiruvananthapuram,96.62345679012346,2690703,India,214,12573.378504672897
170,Chicago,58.224242424242426,2679080,United States,6061,442.01946873453227
171,Sapporo,61.190184049079754,2670121,Japan,1121,2381.9099018733273
172,Pretoria,82.31901840490798,2655282,South Africa,6875,386.22283636363636
173,Mbuji-Mayi,80.46666666666667,2642794,DR Congo,1351,1956.176165803109
174,Birmingham,43.91463414634146,2626374,United Kingdom,2678,980.7221807318895
175,Yantai,96.02424242424243,2609465,China,13740,189.91739446870452
176,Bandung,96.19393939393939,2606850,Indonesia,1673,1558.1888822474596
177,Vancouver,37.27878787878788,2606351,Canada,115,22663.921739130434
178,Accra,44.5,2556972,Ghana,2257,1132.9073992024812
179,Tashkent,80.75,2545159,Uzbekistan,3348,760.2028076463561
180,Patna,180.56441717791412,2481530,India,250,9926.12
181,Brazzaville,174.6153846153846,2469630,Republic of the Congo,2639,935.8203865100417
182,Luoyang,165.5060975609756,2461883,China,15229,161.65756123186026
183,Bhopal,171.24096385542168,2446882,India,463,5284.842332613391
184,San Juan,28.208333333333332,541366,Argentina,1994,271.4974924774323
186,Damascus,54.125,2439814,Syria,105,23236.32380952381
187,Brisbane,46.43975903614458,2439467,Australia,15826,154.14299254391508
188,Beirut,46.666666666666664,2434609,Lebanon,198,12296.005050505051
189,Tangerang,99.93373493975903,2397447,Indonesia,1646,1456.5291616038883
190,Mogadishu,100.8,2387920,Somalia,637,3748.697017268446
191,Baku,29.963636363636365,2370776,Azerbaijan,2140,1107.8392523364487
192,Medan,86.42168674698796,2368348,Indonesia,2651,893.3791022255753
193,Sendai,52.92168674698795,2334959,Japan,7858,297.1441842708068
194,Houston,57.3855421686747,2323660,United States,1733,1340.8309290248126
195,Manaus,53.963855421686745,2302374,Brazil,11401,201.944917112534
196,Barranquilla,47.09036144578313,2299186,Colombia,154,14929.77922077922
197,Maracaibo,26.759036144578314,2296118,Venezuela,550,4174.76
198,Gujranwala,182.18072289156626,2290461,Pakistan,240,9543.5875
199,Rawalpindi,124.58433734939759,2280733,Pakistan,259,8805.918918918918
200,Peshawar,148.62424242424242,2272812,Pakistan,215,10571.218604651163
201,Agra,161.8121212121212,2261561,India,121,18690.586776859505
202,Baotou,95.03030303030303,2238823,China,27768,80.62600835494094
203,Vadodara,167.0843373493976,2232521,India,2203,1013.4003631411712
204,Kannur,119.65454545454546,2226693,India,7835,284.1982131461391
205,Liuzhou,39.21084337349398,2226508,China,18677,119.21122235905123
206,Visakhapatnam,86.60843373493977,2225906,India,682,3263.791788856305
207,Xuzhou,119.31927710843374,2193219,China,11259,194.79696243005594
208,Daegu,115.21084337349397,2190571,South Korea,8835,247.9423882286361
209,Naples,70.89759036144578,2182885,Italy,119,18343.571428571428
210,Amman,100.57228915662651,2182151,Jordan,1680,1298.8994047619049
211,Tijuana,80.1566265060241,2181104,Mexico,637,3424.0251177394034
212,Esfahan,86.8,2176927,Iran,551,3950.8656987295826
213,Phnom Penh,99.75,2143591,Cambodia,679,3156.982326951399
214,Nashik,161.8121212121212,2123018,India,2642,803.5647236941711
215,Vijayawada,98.36144578313252,2104113,India,6188,340.03118939883643
216,Brussels,34.765060240963855,2095688,Belgium,3261,642.6519472554431
217,Hiroshima,36.51807228915663,2077569,Japan,9067,229.1352156170729
218,Perth,50.096969696969694,2067333,Australia,6418,322.1148332813961
219,Multan,159.86746987951807,2059534,Pakistan,286,7201.167832167832
220,Minsk,50.795180722891565,2038822,Belarus,3488,584.5246559633027
221,Baoding,65.28915662650603,2019960,China,22185,91.05070993914808
222,Aleppo,63.05555555555556,2003671,Syria,190,10545.636842105263
223,Taizhou Zhejiang,71.16666666666667,1992626,China,9411,211.733715864414
224,Conakry,67.0,1991134,Guinea,450,4424.742222222222
225,Vienna,81.40490797546012,1944910,Austria,4146,469.10516160154367
226,Kollam,103.47272727272727,1940571,India,7303,265.722442831713
227,Valencia,62.07142857142857,835341,Spain,1346,620.609955423477
229,Rajkot,137.71686746987953,1933522,India,686,2818.545189504373
230,Haikou,77.644578313253,1931705,China,2237,863.5248100134108
231,Almaty,63.75,1927623,Kazakhstan,682,2826.426686217009
232,Yancheng Jiangsu,101.93333333333334,1907903,China,16921,112.75356066426335
233,Rabat,42.81927710843374,1907071,Morocco,117,16299.752136752137
234,West Yorkshire,58.33734939759036,1901947,United Kingdom,2029,937.381468703795
235,Quito,40.66265060240964,1900571,Ecuador,3724,510.3574113856069
236,Panama City,43.375,1899081,Panama,75517,25.147728326072276
237,Ludhiana,165.2710843373494,1885456,India,159,11858.213836477988
238,La Paz,37.60843373493976,1881796,Bolivia,472,3986.85593220339
239,Lome,96.75,1874394,Togo,333,5628.810810810811
240,Davao City,74.02439024390245,1866401,Philippines,2444,763.6665302782324
241,Turin,84.37349397590361,1795235,Italy,1302,1378.8287250384024
242,Bucharest,84.80722891566265,1794248,Romania,228,7869.508771929824
243,Adana,98.84939759036145,1792565,Turkey,1945,921.6272493573265
244,Warsaw,93.31927710843374,1789620,Poland,5172,346.02088167053364
245,Hamburg,104.68072289156626,1788995,Germany,7552,236.8902277542373
246,Benin City,104.75,1781999,Nigeria,1204,1480.0656146179401
247,Budapest,103.48387096774194,1771865,Hungary,5252,337.3695734958111
248,Madurai,117.59627329192547,1765534,India,148,11929.283783783783
249,Montevideo,104.0,1759906,Uruguay,200,8799.53
250,Quanzhou,61.22360248447205,1755721,China,11219,156.49532043854177
251,Palembang,82.35802469135803,1753269,Indonesia,4006,437.66075886170745
252,Santa Cruz,53.16564417177914,1748540,Bolivia,41,42647.31707317073
253,Gaziantep,137.6273291925466,1739687,Turkey,6819,255.12347851591142
254,Sharjah,116.9877300613497,1736799,United Arab Emirates,2355,737.4942675159235
255,Phoenix,69.8625,1733630,United States,1338,1295.6875934230195
256,Lyon,61.93037974683544,1733581,France,4787,362.1435136828912
257,Meerut,190.40993788819875,1728435,India,450,3840.9666666666667
258,Jiangmen,114.40993788819875,1713021,China,9443,181.40643863179073
259,Can Tho,91.25308641975309,1703487,Vietnam,1439,1183.7991660875607
260,Raipur,123.92592592592592,1702048,India,226,7531.185840707964
261,Mosul,144.85714285714286,1683029,Iraq,180,9350.16111111111
262,Glasgow,39.42944785276074,1680669,United Kingdom,175,9603.822857142857
263,Novosibirsk,42.833333333333336,1675866,Russia,5027,333.37298587626816
264,Stockholm,61.29375,1656571,Sweden,188,8811.547872340425
265,Auckland,42.0,1630092,New Zealand,1086,1501.0055248618785
266,Jamshedpur,158.32919254658384,1629621,India,224,7275.09375
267,Tabriz,161.25,1627304,Iran,324,5022.543209876543
268,Yinchuan,95.0125,1626584,China,8875,183.27707042253522
269,Jilin,80.05625,1623240,China,27166,59.75263196642862
270,Srinagar,124.4223602484472,1622454,India,294,5518.551020408163
271,Batam,63.192546583850934,1617168,Indonesia,1595,1013.8984326018809
272,Ulaanbaatar,222.11801242236024,1615094,Mongolia,4704,343.34481292517006
273,Marseille,65.61490683229813,1613797,France,2406,670.738570241064
274,Makassar,57.65,1612249,Indonesia,1758,917.0927189988623
275,Aurangabad,151.6024844720497,1599927,India,139,11510.26618705036
276,Muscat,148.125,1589865,Oman,3500,454.2471428571429
277,Philadelphia,74.7051282051282,1585010,United States,367,4318.828337874659
278,Qiqihaer,87.5875,1583663,China,42206,37.522224328294556
279,Xining,27.829113924050635,1583164,China,7596,208.42074776197998
280,San Antonio,60.28125,1581730,United States,1307,1210.1989288446825
281,Calgary,43.5,1580659,Canada,8253,191.52538470859082
282,Daejon,28.23125,1569459,South Korea,5398,290.7482400889218
283,Monrovia,79.49375,1569013,Liberia,3559,440.8578252318067
284,Tiruppur,86.97452229299363,1558993,India,1596,976.812656641604
285,Munich,28.305732484076433,1553373,Germany,3107,499.95912455745093
286,Harare,21.3,1541824,Zimbabwe,9606,160.50635019779304
287,Ciudad Juarez,69.79746835443038,1539758,Mexico,3212,479.3767123287671
288,Kananga,52.075949367088604,1524234,DR Congo,743,2051.4589502018844
289,Gwangju,84.68125,1523822,South Korea,5012,304.0347166799681
290,Suqian,133.2375,1520240,China,8555,177.7019286966686
291,Yekaterinburg,63.24528301886792,1513142,Russia,468,3233.209401709402
292,Abu Dhabi,84.5126582278481,1511768,United Arab Emirates,972,1555.3168724279835
293,Jodhpur,153.54716981132074,1509826,India,2335,646.6064239828694
294,Edmonton,56.49367088607595,1491076,Canada,6844,217.86616014026885
295,Tegucigalpa,65.57575757575758,1485300,Honduras,1502,988.8814913448736
296,Onitsha,77.0,1482971,Nigeria,52,28518.673076923078
297,N-Djamena,77.0,1476115,Chad,104,14193.413461538461
298,Ranchi,158.4551282051282,1474748,India,1751,842.2318675042833
299,Kathmandu,132.5375,1471867,Nepal,4945,297.6475227502528
300,Jabalpur,155.71698113207546,1471644,India,367,4009.9291553133517
301,Mandalay,181.0,1469193,Myanmar,1638,896.9432234432235
302,Asansol,152.0188679245283,1453747,India,326,4459.3466257668715
303,Kota,168.4493670886076,1430870,India,5704,250.8537868162693
304,San Diego,63.503184713375795,1427720,United States,9645,148.02695697252463
305,Kharkiv,85.9375,1425987,Ukraine,350,4074.2485714285713
306,San Jose,63.01875,1009340,United States,4697,214.89035554609325
308,Allahabad,168.94267515923568,1415463,India,365,3877.980821917808
309,Gwalior,128.6375,1409820,India,289,4878.269896193771
310,Ottawa,50.81012658227848,1407928,Canada,2790,504.6336917562724
311,Zurich,23.81761006289308,1407572,Switzerland,8788,160.16977696859354
312,Belgrade,89.74375,1401786,Serbia,360,3893.85
313,Amritsar,171.46835443037975,1400311,India,139,10074.179856115108
314,Joao Pessoa,52.276729559748425,1393345,Brazil,2115,658.7919621749409
315,Basra,51.2,1381731,Iraq,181,7633.8729281767955
316,Nouakchott,51.0,1372244,Mauritania,1036,1324.5598455598456
317,Queretaro,101.30817610062893,1364446,Mexico,363,3758.8044077134987
318,Taian Shandong,74.54375,1364154,China,7762,175.7477454264365
319,Homs,70.57142857142857,1362480,Syria,48,28385.0
320,Copenhagen,64.41772151898734,1358608,Denmark,8825,153.9499150141643
321,Konya,131.29299363057325,1356280,Turkey,38873,34.89002649654002
322,Dhanbad,160.96835443037975,1348238,India,275,4902.683636363637
323,Dallas,61.554140127388536,1347120,United States,6204,217.13733075435204
324,Ganzhou,101.74842767295597,1347065,China,7434,181.20325531342482
325,Adelaide,40.9375,1345445,Australia,3260,412.7131901840491
326,Hai Phong,128.48125,1341015,Vietnam,1562,858.5243277848912
327,Mombasa,46.63694267515923,1340913,Kenya,2947,455.0095011876485
328,Cochabamba,57.166666666666664,1336752,Bolivia,291,4593.649484536082
329,Jiaxing,113.9367088607595,1318418,China,4009,328.86455475180844
330,Helsinki,63.99363057324841,1316757,Finland,2138,615.8826005612722
331,Porto,72.13924050632912,1316445,Portugal,4142,317.828343795268
332,Zhanjiang,98.57594936708861,1315369,China,13225,99.46079395085066
333,Kisangani,105.5,1312353,DR Congo,1910,687.0958115183246
334,Prague,94.08974358974359,1312199,Czech Republic,496,2645.5625
335,Dongying,121.70625,1311494,China,7923,165.52997601918466
336,Mianyang Sichuan,78.20754716981132,1300725,China,20267,64.17945428529136
337,Nanchong,133.11949685534591,1299462,China,12480,104.1235576923077
338,Fushun Liaoning,133.16875,1288357,China,11272,114.2971078779276
339,Antalya,88.275,1287439,Turkey,1417,908.5666901905435
340,Bareilly,173.0,1285964,India,106,12131.735849056604
341,Kazan,38.0251572327044,1279794,Russia,5158,248.11826289259403
342,Ad-Dammam,140.0126582278481,1279092,Saudi Arabia,800,1598.865
343,Port Elizabeth,65.3375,1266533,South Africa,251,5045.948207171315
344,Ahvaz,33.0375,1261042,Iran,185,6816.443243243243
345,Florianopolis,59.3,1259112,Brazil,6754,186.4246372519988
346,Nizhniy Novgorod,65.76729559748428,1255073,Russia,460,2728.419565217391
347,Pointe-Noire,69.88888888888889,1253939,Republic of the Congo,437,2869.425629290618
348,Dublin,68.9375,1241953,Ireland,1178,1054.2894736842106
349,Maoming,40.13125,1238809,China,11425,108.42967177242889
350,Freetown,27.5,1236425,Sierra Leone,8148,151.74582719685813
351,San Luis Potosi,66.14102564102564,1235426,Mexico,385,3208.8987012987013
352,Mysore,101.55414012738854,1234992,India,155,7967.690322580645
353,Chelyabinsk,57.21518987341772,1232887,Russia,530,2326.201886792453
354,Moradabad,176.57861635220127,1232190,India,79,15597.341772151898
355,Barquisimeto,31.961783439490446,1227444,Venezuela,353,3477.1784702549576
356,Durg-Bhilainagar,131.11949685534591,1225129,India,182,6731.478021978022
357,Maracay,33.63125,1216288,Venezuela,3116,390.3363286264442
358,Astana,36.0,1211789,Kazakhstan,722,1678.3781163434903
359,Ruian,33.1656050955414,1208306,China,17130000,0.07053741973146527
360,Uyo,27.75,1199929,Nigeria,362,3314.720994475138
361,Zhenjiang Jiangsu,163.5506329113924,1199515,China,3837,312.6179306750065
362,Baoji,116.58227848101266,1197824,China,18712,64.01368106028217
363,Bhubaneswar,123.625,1194431,India,422,2830.405213270142
364,Pingdingshan Henan,123.56875,1193224,China,7882,151.3859426541487
365,Mendoza,51.18125,1191470,Argentina,54,22064.25925925926
366,Chiang Mai,85.3125,1182498,Thailand,4022,294.007458975634
367,Mwanza,97.42857142857143,1182011,Tanzania,9467,124.85592056617725
368,Tiruchirappalli,97.16352201257861,1181912,India,1672,706.8851674641148
369,Omsk,102.4,1181590,Russia,573,2062.1116928446772
370,Huaibei,91.01875,1174248,China,2741,428.401313389274
371,Lilongwe,79.8,1170870,Malawi,7278,160.8779884583677
372,Jinhua,61.1437908496732,1170332,China,10926,107.11440600402709
373,Kigali,50.0,1169889,Rwanda,730,1602.5876712328768
374,Chandigarh,156.33333333333334,1169244,India,114,10256.526315789473
375,Islamabad,118.78481012658227,1163584,Pakistan,9065,128.3600661886376
376,Amsterdam,62.69871794871795,1157519,Netherlands,2193,527.8244414044688
377,Haifa,68.0506329113924,1155006,Israel,6366,181.43355325164939
378,Guilin,129.0,1154702,China,27797,41.54052595603842
379,Krasnoyarsk,124.5,1148957,Russia,348,3301.6005747126437
380,Mexicali,80.76129032258065,1140298,Mexico,1137,1002.9006156552331
381,Ufa,65.99367088607595,1139561,Russia,7079,160.97768046334227
382,Rostov-on-Don,79.4873417721519,1137147,Russia,354,3212.2796610169494
383,Hubli-Dharwad,112.14649681528662,1136923,India,404,2814.1658415841584
384,Guwahati,152.82911392405063,1135065,India,216,5254.930555555556
385,Kaduna,144.6,1133430,Nigeria,431,2629.767981438515
386,Liupanshui,132.35256410256412,1131854,China,9926,114.0292161998791
387,Quetta,61.5859872611465,1129361,Pakistan,178,6344.724719101124
388,Cologne,53.3421052631579,1128652,Germany,4052,278.54195459032576
389,Aguascalientes,62.48701298701299,1124909,Mexico,385,2921.8415584415584
390,Binzhou,62.847133757961785,1124728,China,9453,118.98106421241934
391,Salem,39.93589743589744,1123873,India,124,9063.491935483871
392,Maputo,47.333333333333336,1121697,Mozambique,3477,322.60483175150995
393,Saharanpur,172.34640522875816,1094581,India,4674,234.18506632434745
394,Shimkent,175.66666666666666,1093289,Kazakhstan,1170,934.4350427350428
395,Yerevan,191.93506493506493,1089181,Armenia,223,4884.219730941704
396,Tbilisi,64.96794871794872,1078846,Georgia,726,1486.0137741046833
397,Bujumbura,53.2,1074642,Burundi,105,10234.685714285713
398,Jalandhar,156.87417218543047,1074383,India,110,9767.118181818181
399,Managua,151.33333333333334,1072852,Nicaragua,267,4018.172284644195
400,Lille,64.15483870967742,1068051,France,348,3069.112068965517
401,Bishkek,69.25,1060113,Kyrgyzstan,127,8347.346456692914
402,Siliguri,147.1523178807947,1056551,India,419,2521.601431980907
403,Oslo,48.39869281045752,1056180,Norway,454,2326.3876651982378
404,Jingzhou Hubei,48.31578947368421,1054743,China,14069,74.96929419290639
405,Zhaoqing,94.10526315789474,1050908,China,15056,69.7999468650372
406,Antwerp,39.846666666666664,1047613,Belgium,2045,512.280195599022
407,Johor Bahru,137.92156862745097,1044548,Malaysia,220,4747.945454545455
408,Solapur,122.67105263157895,1041886,India,9867,105.5929867234215
409,Hargeysa,122.33333333333333,1033205,Somalia,78,13246.21794871795
410,Teresina,62.77333333333333,1031220,Brazil,1392,740.8189655172414
411,Fuzhou Jiangxi,89.28378378378379,1028734,China,18800,54.71989361702128
412,Aracaju,61.39333333333333,1026529,Brazil,1819,564.3369983507422
413,Leshan,121.90066225165563,1022088,China,12827,79.682544632416
414,Marrakech,38.78,1017379,Morocco,230,4423.386956521739
415,Rotterdam,54.395973154362416,1012007,Netherlands,3241,312.25146559703796
416,Austin,57.52980132450331,1011790,United States,704,1437.2017045454545
417,Denpasar,54.12582781456954,1008709,Indonesia,124,8134.75
418,Odesa,77.16778523489933,1008508,Ukraine,1624,621.0024630541872
419,San Miguel de Tucuman,65.27450980392157,999907,Argentina,91,10987.989010989011
420,Asmara,63.333333333333336,998321,Eritrea,45,22184.911111111112
421,Padang,73.84666666666666,997358,Indonesia,695,1435.0474820143884
422,Cebu City,55.211920529801326,993744,Philippines,2912,341.25824175824175
423,Acapulco de Juarez,70.54605263157895,992205,Mexico,119,8337.857142857143
424,Valparaiso,76.13157894736842,992183,Chile,4016,247.05751992031873
425,Kayseri,137.7748344370861,986987,Turkey,17043,57.91157660036379
426,Warangal,109.45751633986929,983128,India,407,2415.5479115479116
427,Changshu,118.92105263157895,981654,China,1264,776.625
428,Bordeaux,32.2317880794702,980130,France,4936,198.56766612641815
429,Songkhla,58.4635761589404,979453,Thailand,927,1056.5836030204962
430,Yichun Jiangxi,81.65789473684211,975387,China,18638,52.333243910290804
431,Krasnodar,85.12582781456953,974377,Russia,3393,287.1727085175361
432,Ilorin,78.0,973671,Nigeria,765,1272.7725490196078
433,Cancun,34.46308724832215,971798,Mexico,1979,491.05507832238504
434,Jixi Heilongjiang,89.02631578947368,963278,China,22488,42.835200996086805
435,Blantyre-Limbe,97.6,962145,Malawi,240,4008.9375
436,Morelia,79.81879194630872,961834,Mexico,1336,719.935628742515
437,Dnipro,80.00662251655629,951821,Ukraine,4097,232.321454722968
438,Khulna,116.82236842105263,949229,Bangladesh,1506,630.2981407702523
439,Jerusalem,114.68211920529801,944188,Israel,1251,754.7466027178258
440,Dehradun,158.42105263157896,943136,India,1965,479.9674300254453
441,Fort Worth,59.52287581699346,942323,United States,9209,102.32631121728744
442,Dushanbe,39.0,938444,Tajikistan,1266,741.2669826224328
443,Jiujiang,123.22666666666667,936927,China,18823,49.77564681506667
444,Southampton,44.49342105263158,935868,United Kingdom,5147,181.82786088983875
445,Arequipa,35.294117647058826,934845,Peru,3057,305.80471050049067
446,Ciudad Guayana,23.86092715231788,933968,Venezuela,560,1667.8
447,Zamboanga City,46.945945945945944,930610,Philippines,1453,640.474879559532
448,Veracruz,45.019867549668874,930387,Mexico,71820,12.954427736006684
449,Jacksonville,69.30263157894737,929647,United States,2265,410.4401766004415
450,Pathum Thani,132.65131578947367,925893,Thailand,1526,606.7450851900393
451,Rajshahi,137.44295302013424,924033,Bangladesh,9668,95.57643773272652
452,Misratah,134.2,918946,Libya,29172,31.500959824489236
453,Guigang,116.88666666666667,917484,China,10601,86.54692953494953
454,Columbus,53.8421052631579,913921,United States,5853,156.14573722877157
455,Charlotte,60.553333333333335,912096,United States,771,1183.0038910505837
456,Ulsan,62.95302013422819,910778,South Korea,1057,861.6631977294229
457,Bangui,44.857142857142854,910270,Central African Republic,67,13586.119402985074
458,Liverpool,59.66887417218543,906443,United Kingdom,1118,810.7719141323793
459,Antipolo,57.156462585034014,902993,Philippines,306,2950.9575163398695
460,Zhangzhou,88.63448275862069,900904,China,12882,69.93510324483776
461,Bergamo,58.3125,900094,Italy,4016,224.1269920318725
462,Donetsk,94.47222222222223,899325,Ukraine,358,2512.0810055865923
463,Malang,90.58503401360544,896009,Indonesia,1101,813.8138056312443
464,Linfen,145.0738255033557,891049,China,20275,43.94816276202219
465,Sylhet,72.53378378378379,890180,Bangladesh,265,3359.169811320755
466,Indianapolis,58.62162162162162,887232,United States,953,930.9884575026233
467,Nampula,57.42857142857143,887055,Mozambique,3650,243.02876712328768
468,Hermosillo,35.74305555555556,883916,Mexico,1682,525.5148632580261
469,San Francisco,60.19310344827586,883255,United States,1214,727.5576606260297
470,Guntur,80.2551724137931,875474,India,1684,519.8776722090262
471,Lubango,67.0,870935,Angola,3147,276.75087384810934
472,Bahawalpur,166.25850340136054,869548,Pakistan,246,3534.7479674796746
473,Tyumen,62.534246575342465,866741,Russia,6985,124.08604151753758
474,Soshanguve,40.388888888888886,866005,South Africa,1268,682.9692429022082
475,Tuxtla Gutierrez,65.02054794520548,865000,Mexico,500,1730.0
476,Ashgabat,73.72727272727273,864695,Turkmenistan,9176,94.23441586748038
477,Puducherry,95.27777777777777,856354,India,1954,438.25690890481064
478,Culiacan,34.5578231292517,856072,Mexico,65,13170.338461538462
479,Libreville,35.0,845100,Gabon,189,4471.428571428572
480,Saratov,61.11188811188811,840883,Russia,394,2134.220812182741
481,Banghazi,64.375,836031,Libya,314,2662.519108280255
482,Luzhou,153.22448979591837,833637,China,12234,68.14100049043648
483,Quebec City,45.0551724137931,831776,Canada,4841,171.81904565172485
484,Yibin,148.6153846153846,831013,China,13294,62.51038062283737
485,Ipoh,97.40268456375838,827719,Malaysia,643,1287.2768273716952
486,Winnipeg,45.7027027027027,824771,Canada,4641,177.714070243482
487,Bogra,128.2937062937063,820297,Bangladesh,2899,282.9586064160055
488,Newcastle upon Tyne,32.98717948717949,813807,United Kingdom,114,7138.6578947368425
489,Thessaloniki,97.60759493670886,812964,Greece,1931,421.0067322630761
490,Bologna,91.29677419354839,808931,Italy,1409,574.1171043293116
491,Barcelona-Puerto La Cruz,35.10828025477707,804488,Venezuela,244,3297.0819672131147
492,Cherthala,113.60126582278481,801264,India,1618,495.21878862793574
493,Quzhou,109.23417721518987,798191,China,8846,90.23185620619489
494,Sorocaba,58.17610062893082,795569,Brazil,4504,176.63610124333925
495,Enugu,57.333333333333336,795271,Nigeria,7161,111.05585812037425
496,Nottingham,52.164556962025316,794008,United Kingdom,7461,106.42112317383729
497,Xalapa,47.5126582278481,787349,Mexico,1244,632.9172025723473
498,Frankfurt,51.98726114649681,784780,Germany,2483,316.06121627064033
499,Nakhon Ratchasima,99.24050632911393,783180,Thailand,375,2088.48
500,Vereeniging,53.9874213836478,779530,South Africa,1882,414.2029755579171
501,Seattle,46.25949367088607,776555,United States,217,3578.5944700460827
502,Bozhou,108.77987421383648,773217,China,8523,90.72122492080254
503,Nellore,119.16455696202532,772941,India,149,5187.523489932886
504,Hamilton,57.42767295597484,770976,Canada,1138,677.4833040421793
505,Cagayan de Oro City,62.880503144654085,769620,Philippines,4889,157.4186950296584
506,Krakow,117.5506329113924,769307,Poland,327,2352.6207951070337
507,Gorakhpur,146.16352201257862,766646,India,2266,338.32568402471315
508,Dasmarinas,72.89240506329114,765742,Philippines,901,849.8801331853496
509,Ar-Rayyan,73.29559748427673,759174,Qatar,119,6379.6134453781515
510,Cuttack,107.29559748427673,751859,India,1925,390.5761038961039
511,Denver,50.84177215189873,749103,United States,4007,186.94858996755679
512,Qingyuan,101.52201257861635,744726,China,19153,38.88299483109696
513,Banjarmasin,42.742138364779876,744334,Indonesia,9846,75.59760308754824
514,Lokoja,43.666666666666664,741482,Nigeria,3186,232.73132454488388
515,Kottayam,119.99354838709678,739212,India,1376,537.2180232558139
516,Belgaum,32.38993710691824,738074,India,94,7851.851063829788
517,Sheffield,36.5859872611465,735292,United Kingdom,3679,199.86191899972818
518,Zanzibar,29.75,734832,Tanzania,2461,298.59081674116214
519,Gaza,120.57692307692308,734547,Palestine,365,2012.4575342465753
520,Zaragoza,36.452229299363054,733825,Spain,9738,75.3568494557404
521,Zaporizhzhya,117.15822784810126,731984,Ukraine,334,2191.568862275449
522,Malegaon,159.77358490566039,731493,India,3356,217.96573301549464
523,Sao Jose dos Campos,65.53459119496856,731481,Brazil,1100,664.9827272727273
524,Oshogbo,58.25,730529,Nigeria,47,15543.170212765957
525,Mangalore,147.40645161290323,724159,India,1324,546.9478851963746
526,Okayama,56.40880503144654,724157,Japan,7114,101.79322462749508
527,Ribeirao Preto,57.87179487179487,724044,Brazil,650916,1.1123462935309625
528,Xianyang Shaanxi,57.9685534591195,723612,China,10213,70.85205130715754
529,Bunia,21.40764331210191,723276,DR Congo,576,1255.6875
530,Lviv,93.40506329113924,722476,Ukraine,149,4848.832214765101
531,Tongliao,94.42038216560509,720662,China,58863,12.243038920884088
532,Sialkot,155.45283018867926,720439,Pakistan,19,37917.84210526316
533,Buffalo City,70.76582278481013,717067,South Africa,136,5272.551470588235
534,Suining Sichuan,68.71698113207547,716754,China,5326,134.57641757416448
535,Oaxaca de Juarez,52.72435897435897,714983,Mexico,8548,83.64330837622836
536,Washington,60.0125786163522,714153,United States,184666,3.8672684738934078
537,Sargodha,143.9240506329114,712961,Pakistan,155,4599.748387096774
538,Bhavnagar,171.25477707006368,711625,India,1083,657.0867959372115
539,Gold Coast,40.3525641025641,710650,Australia,4143,171.53029205889453
540,Florence,49.729559748427675,709064,Italy,1024,692.4453125
541,Jammu,50.86538461538461,708612,India,167,4243.185628742515
542,Yulin Shaanxi,50.874213836477985,706571,China,43578,16.21393822571022
543,Nanded Waghala,137.4203821656051,705667,India,6322,111.62084783296426
544,Tirupati,106.67295597484276,704615,India,2744,256.7838921282799
545,Bacoor,48.38364779874214,704334,Philippines,524,1344.148854961832
546,Malanje,46.6,704271,Angola,2422,290.780759702725
547,The Hague,60.93421052631579,703588,Netherlands,9813,71.69958218689493
548,Seville,74.57594936708861,702386,Spain,140,5017.042857142857
549,Cotonou,75.23529411764706,698868,Benin,79,8846.430379746835
550,Dongtai,126.0,698218,China,3176,219.8419395465995
551,Bali,55.29936305732484,695940,Indonesia,5780,120.40484429065744
552,Boston,49.177215189873415,695506,United States,2321,299.6579060749677
553,Yuxi,92.43396226415095,693811,China,15285,45.391625776905464
554,Vientiane,63.0,693594,Laos,3920,176.93724489795918
555,Bristol,32.91139240506329,693552,United Kingdom,110,6305.018181818182
556,Akure,34.63157894736842,690533,Nigeria,991,696.8042381432896
557,Cheonan,114.71974522292993,688543,South Korea,6362,108.22744419993712
558,Jundiai,59.144654088050316,688192,Brazil,4312,159.59925788497216
559,Gulbarga,125.39622641509433,687882,India,192,3582.71875
560,Padova,74.66666666666667,687698,Italy,9285,74.06548196015078
561,Durgapur,155.2012578616352,686568,India,154,4458.233766233766
562,Kurnool,118.83018867924528,685818,India,6951,98.66465256797584
563,El Paso,68.07051282051282,685434,United States,6715,102.07505584512286
564,Nantes,63.50955414012739,685377,France,6519,105.13529682466636
565,Zagreb,111.7051282051282,684524,Croatia,641,1067.9001560062402
566,Nashville,59.12101910828026,678448,United States,1362,498.12628487518356
567,Genoa,70.61538461538461,677222,Italy,243,2786.9218106995886
568,Ezhou,56.48076923076923,676600,China,1594,424.4667503136763
569,Mar Del Plata,39.550632911392405,672116,Argentina,7948,84.56416708605938
570,Lodz,99.49044585987261,671395,Poland,2932,228.9887448840382
571,Oklahoma City,59.7515923566879,669347,United States,1608,416.26057213930346
572,Las Vegas,56.49032258064516,667501,United States,352,1896.309659090909
573,General Santos City,45.22784810126582,665418,Philippines,4929,135.00060864272672
574,Detroit,49.39873417721519,664139,United States,3701,179.44852742502027
575,Manama,137.89808917197453,663893,Bahrain,30,22129.766666666666
576,Portland,49.81012658227848,662549,United States,3755,176.4444740346205
577,Sokoto,49.46666666666667,662173,Nigeria,25973,25.494667539367803
578,Macao,85.1656050955414,661838,Macau,1153,574.0138768430182
579,Zhoushan,52.95569620253165,659777,China,1378,478.7931785195936
580,Jhansi,156.63694267515925,653879,India,160,4086.74375
581,Memphis,57.32692307692308,651011,United States,789,825.1089987325729
582,As-Suways,56.142857142857146,649368,Egypt,2504,259.33226837060704
583,Doha,154.26282051282053,646177,Qatar,132,4895.280303030303
584,Chiclayo,34.493589743589745,645366,Peru,1745,369.83724928366763
585,Wuhai,81.28481012658227,644895,China,1754,367.6710376282782
586,Be'er Sheva,123.15189873417721,644278,Israel,1175,548.3217021276596
587,Durango,28.05095541401274,642750,Mexico,10041,64.01254855094115
588,Bokaro Steel City,159.5506329113924,642145,India,183,3508.9890710382515
589,Wroclaw,132.18987341772151,642085,Poland,2928,219.29132513661202
590,Venezia,76.6025641025641,638264,Italy,4146,153.94693680656053
591,Jambi,49.82911392405063,637037,Indonesia,2054,310.1445959104187
592,Khabarovsk,46.666666666666664,636254,Russia,383,1661.237597911227
593,Duesseldorf,63.02597402597402,635046,Germany,2174,292.10947562097516
594,Belfast,60.56962025316456,634594,United Kingdom,115,5518.208695652174
595,Stuttgart,46.120253164556964,633808,Germany,2074,305.59691417550624
596,Riga,83.81645569620254,627763,Latvia,304,2065.0098684210525
597,Bandar Abbas,88.0,627174,Iran,27316,22.95995021232977
598,Kolhapur,114.07692307692308,626791,India,6682,93.80290332235857
599,Bacolod,56.26797385620915,624783,Philippines,1614,387.1022304832714
600,Ulyanovsk,62.15686274509804,624103,Russia,6225,100.25751004016064
601,Al-Ain,142.875,622675,United Arab Emirates,15100,41.23675496688742
602,Bari,31.19607843137255,622590,Italy,117,5321.282051282052
603,Yulin Guangxi,92.01333333333334,622115,China,12828,48.496647957592764
604,Ajmer,136.7058823529412,621505,India,8481,73.2820422120033
605,Kuching,105.6797385620915,621114,Malaysia,450,1380.2533333333333
606,Bissau,123.0,620974,Guinea-Bissau,77,8064.597402597403
607,Geneva,48.56,620131,Switzerland,1593,389.28499686126804
608,Anshun,56.688741721854306,619116,China,9269,66.79426043801921
609,Colombo,44.26973684210526,619001,Sri Lanka,3731,165.90753149289733
610,Ujjain,148.69281045751634,617812,India,1518,406.99077733860344
611,Gothenburg,70.61437908496733,617781,Sweden,4478,137.9591335417597
612,Patiala,155.90131578947367,616590,India,1554,396.7760617760618
613,Zahedan,165.0,616511,Iran,557,1106.8420107719928
614,Bilaspur,133.41830065359477,616394,India,205,3006.8
615,Louisville,61.87581699346405,615924,United States,1030,597.9844660194175
616,San Jose del Monte,59.57236842105263,615815,Philippines,1651,372.9951544518474
617,Yaroslavl,60.86754966887417,612502,Russia,205,2987.8146341463416
618,Brighton,50.052287581699346,612159,United Kingdom,8279,73.94117647058823
619,Feira De Santana,26.07236842105263,609939,Brazil,1304,467.7446319018405
620,Vladivostok,27.0,609632,Russia,3312,184.06763285024155
621,Comilla,124.62251655629139,609345,Bangladesh,3087,197.39067055393585
622,Calabar,164.8,604546,Nigeria,406,1489.0295566502464
623,Mathura,169.45945945945945,603301,India,39,15469.25641025641
624,Skopje,92.3112582781457,600708,North Macedonia,5715,105.11076115485564
625,Tomsk,66.5,600254,Russia,2972,201.96971736204577
626,Leipzig,57.75333333333333,596230,Germany,2976,200.34610215053763
627,Agartala,125.7124183006536,595210,India,7651,77.7950594693504
628,Mbeya,140.5,592579,Tanzania,35954,16.481587584135283
629,Kingston,37.13157894736842,592477,Jamaica,4504,131.5446269982238
630,Sangli,122.64473684210526,592117,India,1182,500.94500846023686
631,Samarkand,138.5,591252,Uzbekistan,120,4927.1
632,Malaga,53.63945578231292,591091,Spain,398,1485.1532663316582
633,Ibague,49.7682119205298,590686,Colombia,1439,410.48366921473246
634,Dortmund,56.29801324503311,589748,Germany,2807,210.09903811898823
635,Kagoshima,36.705882352941174,588413,Japan,5476,107.45306793279767
636,Cabimas,30.111842105263158,588348,Venezuela,157,3747.43949044586
637,Milwaukee,57.36184210526316,587721,United States,2507,234.43199042680496
638,Samut Sakhon,163.40522875816993,585964,Thailand,1033,567.244917715392
639,Beira,186.5,584989,Mozambique,633,924.1532385466035
640,Essen,53.205298013245034,581579,Germany,2103,276.547313361864
641,Dresden,56.56521739130435,580877,Germany,3288,176.66575425790754
642,Bouake,71.0,580586,Ivory Coast,7179,80.8728235130241
643,Udaipur,168.20437956204378,580191,India,37,15680.837837837838
644,Vellore,119.66428571428571,578956,India,8792,65.85031847133757
645,Thoothukkudi,84.22302158273381,577945,India,353,1637.2379603399434
646,Bloemfontein,30.735714285714284,577560,South Africa,2362,244.5215918712955
647,Udon Thani,103.30935251798562,576666,Thailand,477,1208.9433962264152
648,Jalgaon,159.65714285714284,576506,India,6824,84.48212192262602
649,Zaoyang,151.3021582733813,576057,China,3277,175.78791577662497
650,Yiyang Hunan,152.61428571428573,576041,China,12144,47.43420619235837
651,Baltimore,57.669064748201436,575584,United States,239,2408.3012552301257
652,Kitchener,50.457142857142856,570681,Canada,1369,416.85975164353545
653,Poza Rica de Hidalgo,51.27857142857143,570576,Mexico,64,8915.25
654,Oujda,30.131386861313867,570257,Morocco,964,591.5529045643153
655,Orenburg,67.46428571428571,569029,Russia,259,2197.023166023166
656,Kemerovo,66.0,567035,Russia,2948,192.34565807327002
657,Bremen,73.55797101449275,566331,Germany,3267,173.3489439853076
658,Karbala,68.11111111111111,565196,Iraq,437,1293.354691075515
659,Kota Kinabalu,52.01459854014598,562824,Malaysia,3522,159.8023850085179
660,Basel,47.68571428571428,562710,Switzerland,2391,235.34504391468005
661,Gomel,53.65942028985507,562405,Belarus,1398,402.2925608011445
662,Albuquerque,62.9136690647482,562281,United States,4892,114.93887980376124
663,Meknes,37.369565217391305,560746,Morocco,370,1515.5297297297298
664,Panipat,164.66666666666666,559798,India,1268,441.48107255520506
665,Irbid,76.63503649635037,559386,Jordan,410,1364.3560975609755
666,Chiang Rai,131.82142857142858,557280,Thailand,6085,91.58258011503698
667,Leicester,48.035714285714285,556930,United Kingdom,733,759.7953615279672
668,Tucson,53.44525547445255,554503,United States,5872,94.4317098092643
669,Imus,79.04285714285714,553579,Philippines,1717,322.41059988351776
670,Villavicencio,62.41428571428571,553451,Colombia,1338,413.64050822122573
671,Sakarya,94.62857142857143,553438,Turkey,650,851.4430769230769
672,Utrecht,61.405797101449274,551879,Netherlands,9921,55.62735611329503
673,Larkana,169.7357142857143,548916,Pakistan,82,6694.09756097561
674,Basilan City,34.539568345323744,548445,Philippines,1234,444.4448946515397
675,Hamhung,33.5,545847,North Korea,330,1654.081818181818
676,Kerman,72.02919708029196,543855,Iran,2388,227.74497487437185
677,Abeokuta,71.5,543723,Nigeria,879,618.5699658703072
678,Mekele,42.266666666666666,543622,Ethiopia,2444,222.43126022913256
679,Edinburgh,31.705882352941178,542599,United Kingdom,264,2055.2992424242425
680,Ryazan,52.27067669172932,540183,Russia,2242,240.93800178412133
681,Vilnius,78.82962962962964,539978,Lithuania,401,1346.5785536159601
682,Calamba,37.375,539157,Philippines,1448,372.3459944751381
683,Hannover,45.23880597014925,537418,Germany,204,2634.401960784314
684,Fresno,79.21052631578948,537100,United States,3004,178.79494007989348
685,Astrakhan,60.99248120300752,534762,Russia,2087,256.2347867752755
686,Bellary,116.43283582089552,533505,India,8995,59.311284046692606
687,Pietermaritzburg,65.4888888888889,532766,South Africa,1262,422.1600633914422
688,Rustenburg,49.149253731343286,532711,South Africa,3423,155.62693543675138
689,Sheikhupura,176.42537313432837,530798,Pakistan,75,7077.306666666666
690,Grenoble,61.51127819548872,530690,France,1813,292.71373414230555
691,Angeles City,41.36363636363637,529991,Philippines,6027,87.93612078977932
692,Gombe,39.5,529283,Nigeria,35,15122.371428571429
693,Poznan,132.68702290076337,528457,Poland,2618,201.85523300229184
694,Cuautla Morelos,94.96875,525498,Mexico,1537,341.89850357839947
695,Kalasin,99.08333333333333,524519,Thailand,1696,309.26827830188677
696,Atlanta,71.796992481203,524067,United States,353,1484.6090651558075
697,Rupganj,151.58823529411765,522366,Bangladesh,248,2106.314516129032
698,Penza,61.12781954887218,522207,Russia,3046,171.44024950755087
699,Porto Velho,33.3235294117647,521270,Brazil,34091,15.290545891877622
700,Chuxiong,80.71111111111111,520282,China,4482,116.08255243195002
701,Duisburg,42.03007518796993,519056,Germany,2328,222.96219931271477
702,Muzaffarpur,199.21641791044777,516403,India,2868,180.0568340306834
703,Changge,140.61940298507463,515109,China,650,792.4753846153847
704,Kuantan,87.82706766917293,514419,Malaysia,324,1587.712962962963
705,Kandahar,41.21641791044776,511949,Afghanistan,2734,187.2527432333577
706,Nurenberg,40.60606060606061,511889,Germany,1865,274.47131367292224
707,London CA,43.77205882352941,511368,Canada,4206,121.58059914407988
708,Bournemouth,49.04477611940298,510021,United Kingdom,4618,110.44196621914249
709,Khon-Kaen,114.07575757575758,509278,Thailand,46,11071.260869565218
710,Cheboksary,63.13970588235294,509038,Russia,251,2028.0398406374502
711,Lipetsk,106.00751879699249,505846,Russia,3302,153.1938219261054
712,Arusha,87.2,504857,Tanzania,37576,13.43562380242708
713,Murcia,31.592307692307692,504491,Spain,8819,57.20501190611181
714,Tirana,40.33582089552239,502734,Albania,418,1202.7129186602872
715,Surat Thani,87.4,502564,Thailand,12891,38.985648902334965
716,Kansas City,55.63703703703704,501957,United States,8263,60.74754931622897
