,city,Temp_avg,Jan,Feb,Mar,Apr,May,Jun,Jul,Aug,Sep,Oct,Nov,Dec
0,Tokyo,17,7,7,10,15,20,23,26,28,25,19,14,9
1,Delhi,26,14,18,23,29,33,33,32,31,30,27,21,16
2,Shanghai,17,5,7,10,16,21,25,29,29,25,20,14,7
3,Sao Paulo,21,24,24,23,22,19,18,18,19,19,21,22,23
4,Mexico City,17,14,16,17,19,20,19,19,19,18,17,16,14
5,Dhaka,27,19,23,27,29,30,30,30,30,30,28,25,21
6,Cairo,22,14,15,18,22,25,28,29,29,28,25,20,16
7,Beijing,13,-3,0,7,14,21,25,27,26,21,14,5,-1
8,Mumbai,28,24,25,27,29,30,30,28,28,28,29,28,26
9,Osaka,17,6,6,10,16,21,25,29,30,26,20,14,8
10,Karachi,27,19,22,26,29,31,32,31,30,30,29,25,21
11,Chongqing,19,8,10,14,19,23,25,29,29,24,19,14,9
12,Istanbul,15,6,6,8,13,17,22,25,26,21,17,12,8
13,Buenos Aires,,,,,,,,,,,,,
14,Kolkata,27,19,23,28,30,31,30,30,30,30,28,25,20
15,Kinshasa,26,27,27,27,28,27,25,24,25,26,27,27,26
16,Lagos,28,28,29,30,29,28,27,26,26,26,27,28,28
17,Manila,28,26,26,28,29,29,29,28,28,28,28,28,27
18,Tianjin,13,-3,1,7,15,21,25,27,26,22,15,6,-1
19,Guangzhou,23,14,16,19,23,27,29,30,30,28,25,21,16
20,Rio de Janeiro,25,27,28,27,26,23,23,22,22,23,24,25,26
21,Lahore,24,12,16,21,27,32,33,31,31,29,26,20,14
22,Bangalore,,,,,,,,,,,,,
23,Moscow,6,-8,-7,-1,7,14,17,20,18,12,6,1,-3
24,Shenzhen,24,16,17,20,23,27,29,29,29,28,26,22,18
25,Chennai,29,25,27,29,31,33,32,31,30,30,29,27,26
26,Bogota,14,13,14,14,14,14,14,13,13,13,14,14,14
27,Paris,12,4,5,8,12,14,17,20,19,16,12,8,5
28,Jakarta,29,28,28,29,29,29,29,29,29,29,30,29,28
29,Lima,20,23,24,23,21,20,18,17,17,17,18,19,21
30,Bangkok,30,28,30,31,32,31,30,30,30,29,29,29,28
31,Hyderabad,27,23,25,29,31,34,30,28,27,27,26,24,23
32,Seoul,12,-3,0,5,11,17,22,25,26,21,15,7,0
33,Nagoya,16,5,6,9,15,19,23,27,28,25,19,13,7
34,London,12,6,6,8,11,14,17,19,18,16,13,9,6
35,Chengdu,17,6,9,13,18,22,25,26,26,23,18,13,8
36,Tehran,18,5,7,11,17,23,28,31,30,26,20,12,7
37,Nanjing,16,3,5,10,16,21,25,29,28,24,18,11,5
38,Ho Chi Minh City,28,27,28,29,30,30,29,28,28,28,28,28,27
39,Luanda,25,27,27,28,28,27,23,22,22,23,25,27,27
40,Wuhan,17,4,7,11,18,23,26,29,29,24,19,12,7
41,Xi-an Shaanxi,14,0,4,9,15,20,25,27,25,21,15,7,2
42,Ahmedabad,,,,,,,,,,,,,
43,New York City,13,1,2,6,12,17,22,25,24,20,14,9,4
44,Kuala Lumpur,,,,,,,,,,,,,
45,Hangzhou,17,5,7,11,17,22,25,30,29,24,19,13,7
46,Hong Kong,,,,,,,,,,,,,
47,Surat,28,20,23,28,32,35,33,30,29,30,29,25,22
48,Dongguan,,,,,,,,,,,,,
49,Suzhou,17,5,7,10,16,21,25,29,29,25,20,14,7
50,Foshan,23,14,16,19,23,27,29,30,30,28,25,21,16
51,Riyadh,,,,,,,,,,,,,
52,Shenyang,9,-11,-6,1,10,17,22,25,24,18,10,0,-8
53,Baghdad,17,4,6,10,15,21,26,29,29,25,19,11,7
54,Dar es Salaam,26,28,29,28,27,26,25,24,24,25,26,27,28
55,Santiago,15,21,21,19,15,12,10,9,10,12,15,18,20
56,Pune,25,21,23,26,29,30,28,25,25,26,25,23,21
57,Madrid,14,6,7,10,12,16,21,25,25,20,14,9,6
58,Haerbin,,,,,,,,,,,,,
59,Toronto,9,-5,-5,0,7,14,19,22,21,17,10,4,-1
60,Belo Horizonte,22,24,24,23,22,20,19,19,20,22,23,23,23
61,Singapore,28,28,28,29,29,29,29,28,28,28,29,28,28
62,Khartoum,31,24,26,29,33,35,35,33,32,33,33,29,25
63,Johannesburg,17,20,20,19,16,14,11,11,13,17,18,19,20
64,Dalian,,,,,,,,,,,,,
65,Qingdao,,,,,,,,,,,,,
66,Barcelona,16,10,10,12,14,18,21,24,25,22,18,13,10
67,Fukuoka,17,6,7,10,15,20,23,28,28,25,19,14,8
68,Ji-nan Shandong,,,,,,,,,,,,,
69,Zhengzhou,15,1,4,10,16,22,26,28,26,21,17,9,3
70,Saint Petersburg,6,-5,-5,-1,5,11,16,19,17,12,6,0,-3
71,Yangon,28,25,27,29,31,29,27,27,27,27,28,28,25
72,Alexandria,21,14,14,16,19,22,25,27,28,26,23,19,15
73,Abidjan,27,28,29,29,29,28,27,26,25,26,27,28,28
74,Guadalajara,20,16,18,19,22,24,23,22,22,21,20,18,16
75,Ankara,12,1,2,6,11,16,20,24,24,19,13,7,2
76,Chittagong,26,20,23,26,28,29,29,28,28,29,28,25,21
77,Melbourne,16,22,22,20,16,13,11,11,12,14,16,18,19
78,Addis Ababa,17,16,18,19,19,19,18,17,16,17,17,16,16
79,Sydney,18,23,23,22,19,16,14,13,14,16,18,20,22
80,Monterrey,24,16,18,22,25,28,30,30,30,27,24,20,16
81,Nairobi,20,20,21,21,21,20,18,17,18,19,20,20,20
82,Hanoi,25,16,19,21,25,28,30,30,29,28,26,23,18
83,Brasilia,22,23,23,23,23,21,20,19,21,23,24,23,23
84,Cape Town,17,22,22,21,18,16,13,13,13,15,17,19,21
85,Jiddah,29,24,24,26,29,31,32,33,33,32,31,28,26
86,Changsha,18,5,8,13,18,23,27,30,29,25,20,14,8
87,Kunming,16,10,12,15,18,20,21,21,20,19,16,13,10
88,Urumqi,8,-12,-9,1,12,17,22,24,23,17,10,0,-9
89,Changchun,6,-15,-10,-2,8,16,21,23,22,16,8,-3,-12
90,Xinbei,,,,,,,,,,,,,
91,Shantou,23,15,15,18,22,25,28,29,29,28,25,21,16
92,Hefei,16,3,5,10,16,22,25,29,28,24,18,11,5
93,Kabul,15,2,5,9,17,21,26,26,24,21,16,9,3
94,Rome,16,8,8,11,14,18,22,25,25,21,17,12,8
95,Ningbo,17,6,7,10,15,20,24,28,28,25,20,15,8
96,Tel Aviv,,,,,,,,,,,,,
97,Montreal,7,-9,-8,-2,7,14,19,21,20,16,9,2,-5
98,Shijiazhuang,14,-1,2,9,15,22,26,28,26,21,16,7,1
99,Recife,28,29,29,29,28,27,26,26,26,27,28,28,29
100,Yaounde,25,25,26,26,26,25,24,24,24,24,25,25,25
101,Porto Alegre,20,26,25,24,21,17,15,15,16,17,20,22,24
102,Fortaleza,28,28,28,28,27,28,27,27,27,27,28,28,28
103,Kano,28,21,26,29,32,33,32,29,28,29,30,26,22
104,Medellin,17,17,17,18,18,18,18,17,17,17,17,17,17
105,Jaipur,26,16,20,25,30,34,34,31,29,29,28,22,18
106,Los Angeles,19,15,15,16,18,19,21,23,24,23,21,17,14
107,Taiyuan Shanxi,11,-4,0,5,13,19,22,24,23,18,11,4,-3
108,Nanning,22,13,15,18,23,27,28,29,29,28,24,20,15
109,Ekurhuleni,,,,,,,,,,,,,
110,Salvador,27,28,28,28,27,26,26,25,25,25,26,27,27
111,Casablanca,18,13,14,15,17,19,21,23,24,23,20,17,15
112,Douala,27,28,29,29,28,28,27,26,26,26,27,28,28
113,Xiamen,22,14,14,16,20,24,27,29,29,27,24,20,16
114,Lucknow,25,15,19,24,30,32,33,30,30,29,26,21,16
115,Fuzhou Fujian,21,11,13,15,19,23,27,30,30,27,23,19,13
116,Changzhou,17,3,6,10,16,22,25,29,29,24,19,12,6
117,Kozhikode,29,28,29,30,31,30,28,27,27,28,29,29,29
118,Curitiba,18,22,22,21,19,16,15,14,16,16,18,20,21
119,Wenzhou,,,,,,,,,,,,,
120,Nanchang,19,6,9,13,18,24,27,30,30,26,21,14,8
121,Ibadan,27,28,29,29,29,28,27,26,25,26,26,28,28
122,Malappuram,29,28,29,30,31,30,28,27,27,28,29,29,29
123,Berlin,10,1,2,5,9,14,17,19,18,14,10,5,2
124,Tangshan Hebei,12,-5,-1,5,13,20,24,26,25,20,13,4,-3
125,Faisalabad,24,12,15,21,27,32,33,32,31,30,26,19,14
126,Antananarivo,20,22,22,22,21,19,16,15,16,18,20,21,22
127,Bekasi,29,28,28,29,29,29,29,29,29,29,30,29,28
128,Kumasi,27,28,28,28,28,27,26,25,25,26,26,27,27
129,Kampala,23,23,23,23,23,23,22,22,22,22,22,22,22
130,Busan,15,2,4,8,13,18,22,25,27,22,17,10,4
131,Abuja,29,29,31,33,31,29,27,26,26,26,27,29,28
132,Guiyang,15,4,7,12,16,19,22,24,24,21,16,12,6
133,Asuncion,24,28,28,27,24,20,19,18,20,22,24,26,27
134,Santo Domingo,27,26,26,26,27,27,28,28,28,28,28,27,26
135,Campinas,22,25,25,24,23,20,19,19,20,21,23,23,24
136,Wuxi,,,,,,,,,,,,,
137,Mashhad,15,3,5,9,16,21,26,28,26,22,16,9,4
138,Puebla,17,13,15,16,18,19,19,18,18,18,17,15,14
139,Dakar,25,22,22,22,22,24,26,28,28,28,28,27,24
140,Thrissur,28,28,28,29,29,29,28,27,27,27,28,28,28
141,Kochi,28,28,28,29,29,29,28,27,27,27,28,28,28
142,Kuwait City,,,,,,,,,,,,,
143,Durban,21,25,25,24,22,20,18,17,18,20,21,22,24
144,Port Harcourt,27,29,29,29,28,28,27,26,26,26,27,27,27
145,Lanzhou,,,,,,,,,,,,,
146,Kanpur,25,15,19,24,30,32,33,30,30,29,26,21,16
147,Athens,19,10,11,13,16,21,26,29,29,25,20,16,12
148,Milan,14,3,5,10,14,19,22,25,24,20,15,9,4
149,Indore,25,18,21,26,30,32,30,26,25,26,26,23,20
150,Pyongyang,11,-6,-2,4,11,18,23,25,26,21,14,5,-4
151,Sanaa,,,,,,,,,,,,,
152,Guayaquil,27,27,27,28,28,27,26,26,25,26,26,26,28
153,Izmir,17,8,9,11,15,20,25,28,27,23,18,13,9
154,Kiev,,,,,,,,,,,,,
155,Guatemala City,,,,,,,,,,,,,
156,Surabaya,29,28,29,29,29,29,29,28,28,29,30,30,29
157,Lisbon,17,11,12,15,16,18,21,23,23,22,19,15,12
158,Caracas,25,24,24,25,26,26,26,25,26,26,26,25,25
159,Zhongshan,,,,,,,,,,,,,
160,Nagpur,27,21,24,28,32,36,32,28,27,28,27,24,21
161,Shizuoka,16,6,8,10,14,19,22,26,27,24,19,14,9
162,Dubai,,,,,,,,,,,,,
163,Ouagadougou,28,26,27,28,28,29,29,28,29,28,28,28,27
164,Lusaka,21,23,23,22,21,19,17,16,19,22,25,25,23
165,Coimbatore,27,25,27,29,30,29,28,27,27,27,27,26,25
166,Port-au-Prince,28,27,27,27,28,29,30,30,30,29,29,28,27
167,Depok,,,,,,,,,,,,,
168,Handan,15,-1,3,10,16,22,27,28,26,21,16,7,1
169,Incheon,12,-2,0,5,11,17,21,24,26,21,15,8,1
170,Cali,24,24,25,25,24,24,24,24,25,25,24,24,24
171,Algiers,18,11,11,13,15,19,23,26,27,24,20,15,12
172,Huaian,,,,,,,,,,,,,
173,Manchester,10,5,5,6,9,12,14,16,16,14,11,7,5
174,Goiania,25,25,26,25,25,23,22,22,24,27,27,26,25
175,Weifang,,,,,,,,,,,,,
176,Taibei,,,,,,,,,,,,,
177,Bamako,28,24,28,31,32,32,29,27,26,27,28,26,24
178,Thiruvananthapuram,28,27,28,29,29,29,28,27,27,28,28,28,28
179,Zibo,13,-2,1,7,14,20,24,26,25,20,15,7,0
180,Chicago,11,-3,-2,4,10,16,22,25,24,19,12,6,-1
181,Sapporo,9,-4,-3,1,7,13,18,22,23,19,12,5,-1
182,Pretoria,19,23,24,22,19,16,13,13,16,20,22,23,23
183,Mbuji-Mayi,24,24,24,24,24,24,23,23,24,25,25,24,24
184,Shaoxing,17,5,7,11,17,22,25,30,29,24,19,13,7
185,Birmingham,10,4,5,6,8,12,14,17,16,14,11,7,5
186,Yantai,,,,,,,,,,,,,
187,Bandung,23,22,22,22,23,23,23,22,23,23,23,23,23
188,Vancouver,11,4,5,7,9,13,16,18,18,15,11,7,4
189,Huizhou,,,,,,,,,,,,,
190,Lubumbashi,21,23,23,22,21,19,17,16,19,22,25,25,23
191,Accra,27,27,28,29,29,28,27,26,26,27,27,28,27
192,Tashkent,16,3,5,10,16,21,26,28,27,22,15,9,4
193,Toluca de Lerdo,27,26,26,26,26,28,29,28,28,28,28,27,26
194,Patna,26,15,20,25,30,32,32,30,30,30,27,22,17
195,Brazzaville,,,,,,,,,,,,,
196,Luoyang,15,1,4,10,16,21,26,27,26,21,16,9,3
197,Bhopal,26,18,21,26,31,34,31,27,26,27,26,23,19
198,San Juan,27,25,25,26,27,27,28,28,28,28,28,27,26
199,Damascus,18,7,9,12,17,21,25,28,28,25,20,13,8
200,Brisbane,20,25,25,23,21,18,16,15,16,18,20,22,24
201,Beirut,21,13,14,15,19,22,25,27,28,27,24,19,15
202,Tunis,20,12,12,15,17,21,25,28,29,26,22,17,13
203,Tangerang,,,,,,,,,,,,,
204,Mogadishu,28,28,28,29,28,29,29,26,26,28,27,27,27
205,Baku,15,5,5,8,13,18,24,26,26,22,17,11,7
206,Medan,28,27,28,28,28,28,28,28,28,28,27,27,27
207,Belem,28,27,27,27,27,28,28,28,28,28,28,28,28
208,Nantong,16,4,5,9,14,20,23,28,28,24,19,13,6
209,Sendai,13,2,2,5,10,15,19,23,24,21,15,10,5
210,Houston,22,13,15,18,21,25,28,29,29,27,22,17,13
211,Manaus,28,27,27,27,27,27,28,28,29,29,29,29,28
212,Barranquilla,28,28,28,28,29,29,29,29,29,29,28,28,28
213,Maracaibo,29,28,28,29,29,29,30,30,30,29,29,29,28
214,Gujranwala,23,11,15,20,26,31,32,30,29,28,25,19,13
215,Rawalpindi,22,11,13,18,24,29,31,30,29,28,23,17,13
216,Peshawar,23,12,14,19,24,29,32,31,30,29,24,18,13
217,Taoyuan,,,,,,,,,,,,,
218,Agra,26,15,19,25,30,35,34,31,30,30,27,22,17
219,Hohhot,7,-11,-6,1,9,16,21,23,21,15,8,-1,-9
220,Baotou,8,-9,-5,2,9,15,20,22,20,15,9,0,-7
221,Vadodara,28,20,23,28,32,35,33,30,29,30,29,25,22
222,Kannur,29,28,29,30,31,30,28,27,27,28,29,29,29
223,Liuzhou,,,,,,,,,,,,,
224,Visakhapatnam,28,25,26,28,29,31,30,29,29,29,29,27,25
225,Xuzhou,15,1,4,9,15,22,25,28,27,22,17,9,3
226,Daegu,14,1,3,8,14,19,23,26,26,22,16,9,3
227,Naples,17,9,10,12,15,19,23,26,26,22,19,14,10
228,Amman,18,9,10,12,17,21,25,26,26,25,21,15,10
229,Tijuana,18,14,14,15,16,18,19,22,22,22,19,17,14
230,Esfahan,16,4,6,10,16,21,26,29,28,23,17,10,5
231,Phnom Penh,29,27,28,30,30,30,30,29,29,29,28,28,27
232,Havana,25,21,22,23,25,26,27,28,28,27,26,24,22
233,Nashik,28,24,25,27,29,30,30,28,28,28,29,28,26
234,Grande Vitoria,28,28,28,27,28,28,28,28,28,29,29,29,29
235,Vijayawada,29,25,26,28,31,33,32,31,30,30,29,27,26
236,Brussels,11,4,4,7,10,14,16,18,18,15,11,7,4
237,Mecca,29,18,21,24,29,33,36,36,37,35,30,24,20
238,Hiroshima,17,6,6,9,15,20,23,27,29,25,19,13,8
239,Perth,18,25,25,23,20,16,14,13,13,14,17,20,22
240,Multan,26,13,16,22,28,34,35,34,33,31,27,21,15
241,Yangzhou,,,,,,,,,,,,,
242,Minsk,7,-4,-4,1,8,13,17,19,18,12,7,1,-3
243,Bursa,15,6,7,10,13,18,23,25,26,21,16,12,8
244,Baoding,13,-3,1,7,14,21,25,27,26,21,14,5,-1
245,Aleppo,18,6,8,11,16,22,26,29,29,26,20,12,8
246,Putian,,,,,,,,,,,,,
247,Taizhou Zhejiang,,,,,,,,,,,,,
248,Conakry,25,24,24,25,26,26,24,25,24,23,23,25,24
249,Linyi Shandong,13,-3,0,7,14,21,25,27,26,21,14,5,-1
250,Wuhu Anhui,17,4,7,11,18,23,26,29,29,24,19,12,7
251,Vienna,11,0,2,6,11,15,19,21,21,16,11,5,1
252,Kollam,28,28,28,29,29,29,28,27,28,28,28,28,28
253,Valencia,27,27,28,28,29,28,27,27,26,27,27,27,27
254,Rajkot,28,21,24,28,32,34,32,29,28,29,29,26,22
255,Haikou,25,17,20,23,26,28,29,29,29,28,26,23,19
256,Almaty,,,,,,,,,,,,,
257,Baixada Santista,21,24,24,23,22,19,18,18,19,19,21,22,23
258,Yancheng Jiangsu,21,11,13,15,19,23,27,30,30,27,23,19,13
259,Daqing,4,-19,-14,-5,6,15,21,23,22,15,6,-6,-16
260,Rabat,18,12,13,15,16,18,21,23,23,22,20,16,14
261,West Yorkshire,13,2,3,8,14,18,22,24,24,20,13,8,3
262,Semarang,28,27,27,28,28,29,28,28,28,29,29,29,28
263,Quito,15,15,15,15,15,15,15,15,15,15,15,15,15
264,Panama City,,,,,,,,,,,,,
265,Hyderabad,28,17,21,26,31,34,34,32,31,31,30,25,19
266,Ludhiana,25,13,17,22,28,32,33,31,30,29,26,20,15
267,La Paz,8,9,9,9,8,7,5,5,6,7,9,9,10
268,Lianyungang,,,,,,,,,,,,,
269,Lome,28,28,29,29,29,28,27,26,26,27,27,28,28
270,Davao City,28,27,28,28,29,29,28,28,28,28,28,28,28
271,Leon de los Aldamas,25,16,19,22,25,28,30,31,31,29,25,21,17
272,Zhuhai,23,16,17,19,23,26,28,29,29,28,26,22,17
273,Turin,12,3,4,8,11,15,19,21,21,17,12,7,4
274,Bucharest,11,-1,1,6,12,17,21,23,23,18,12,6,0
275,Adana,20,10,11,14,18,22,26,29,29,27,23,16,12
276,Warsaw,9,-1,0,3,9,14,17,19,19,14,9,4,0
277,Hamburg,9,2,2,5,8,12,15,18,17,14,10,5,2
278,Datong,7,-10,-6,1,9,16,20,23,21,15,8,-1,-8
279,Benin City,27,28,29,29,29,28,27,26,25,26,26,28,28
280,Budapest,11,0,1,5,11,16,19,21,21,16,11,5,0
281,Madurai,30,26,27,30,32,33,32,32,31,31,29,27,26
282,Montevideo,17,23,23,21,18,15,11,11,12,14,17,19,22
283,Quanzhou,,,,,,,,,,,,,
284,Palembang,28,27,27,28,28,28,28,28,28,28,28,28,27
285,Santa Cruz,25,27,26,26,25,22,21,21,23,25,26,27,27
286,Matola,,,,,,,,,,,,,
287,Gaziantep,16,4,6,9,14,19,25,29,29,24,18,11,6
288,Sharjah,,,,,,,,,,,,,
289,Phoenix,24,14,16,19,23,28,33,35,34,32,25,18,13
290,Lyon,13,4,5,9,12,16,20,22,22,18,14,8,4
291,Meerut,26,14,18,23,29,33,33,32,31,30,27,21,16
292,Jiangmen,,,,,,,,,,,,,
293,Can Tho,9,-5,-5,0,7,14,19,22,21,17,10,4,-1
294,Raipur,28,21,24,29,32,35,32,28,28,28,27,24,22
295,Varanasi,26,16,20,25,31,33,34,31,30,30,27,23,18
296,Xiangyang,,,,,,,,,,,,,
297,Mosul,19,7,9,12,17,23,30,33,32,28,22,14,8
298,Glasgow,9,4,4,6,8,11,13,15,15,12,9,6,4
299,Novosibirsk,1,-20,-17,-6,4,10,17,19,16,10,3,-7,-14
300,Shiraz,22,10,12,16,21,27,31,33,32,28,23,16,12
301,La Laguna,17,13,15,16,18,19,19,18,18,18,17,15,14
302,Cixi,,,,,,,,,,,,,
303,Stockholm,7,-1,-1,1,6,11,15,18,17,12,7,3,0
304,Anshan,8,-11,-6,1,9,17,21,24,24,18,10,0,-8
305,Auckland,15,20,20,19,16,14,12,11,12,13,14,16,18
306,Jamshedpur,27,19,22,27,31,32,31,29,29,29,27,23,19
307,Tabriz,13,-1,1,6,12,17,23,27,27,22,15,7,2
308,Yinchuan,10,-7,-2,5,13,18,23,25,23,17,11,3,-5
309,Jilin,5,-18,-12,-3,7,15,20,23,22,15,7,-4,-14
310,Srinagar,14,3,6,11,14,19,22,24,24,20,15,9,5
311,Batam,28,27,27,28,28,28,28,28,28,28,28,27,27
312,Ulaanbaatar,-1,-22,-17,-8,2,9,15,18,16,9,0,-12,-20
313,Marseille,16,7,8,11,14,18,22,25,25,21,17,11,8
314,Makassar,27,27,27,27,28,28,27,27,27,28,28,28,27
315,Yichang,,,,,,,,,,,,,
316,Aurangabad,26,21,24,28,31,33,29,26,26,26,26,24,22
317,Muscat,29,22,23,26,30,34,34,32,30,31,31,27,24
318,Qinhuangdao,10,-7,-3,3,11,18,22,25,24,18,11,2,-5
319,Philadelphia,13,1,2,6,12,18,23,26,25,21,14,9,4
320,Cordoba,18,24,23,21,18,14,12,11,13,15,19,21,23
321,Qiqihaer,,,,,,,,,,,,,
322,Xining,7,-7,-3,3,8,12,16,18,17,13,8,1,-5
323,Karaj,18,5,7,11,17,23,28,31,30,26,20,12,7
324,San Antonio,21,11,14,17,21,25,28,30,30,27,22,16,12
325,Calgary,5,-6,-5,-1,5,10,14,17,16,12,6,-2,-6
326,Hengyang,,,,,,,,,,,,,
327,Daejon,,,,,,,,,,,,,
328,Monrovia,27,27,28,28,28,28,27,25,25,26,27,27,27
329,Tiruppur,27,25,27,29,30,29,28,27,27,27,27,26,25
330,Rosario,18,25,24,22,18,14,12,11,13,15,18,21,24
331,Munich,9,0,0,4,9,13,17,19,18,14,10,5,1
332,Gaoxiong,,,,,,,,,,,,,
333,Harare,20,22,22,21,20,17,15,15,17,20,22,23,22
334,Ciudad Juarez,20,9,12,17,21,25,31,29,29,25,21,14,9
335,Anyang,,,,,,,,,,,,,
336,Kananga,24,24,24,24,25,24,24,24,25,25,25,24,25
337,Gwangju,15,1,3,8,13,19,24,26,27,23,17,10,3
338,Suqian,,,,,,,,,,,,,
339,Jining Shandong,,,,,,,,,,,,,
340,Medina,29,18,21,24,29,33,36,36,37,35,30,24,20
341,Yekaterinburg,3,-13,-12,-4,4,12,17,19,16,10,3,-6,-11
342,Abu Dhabi,,,,,,,,,,,,,
343,Jodhpur,26,16,20,25,30,34,34,31,29,29,28,22,18
344,Grande Sao Luis,22,25,25,24,23,20,19,19,20,21,23,23,24
345,Edmonton,5,-8,-8,-3,5,12,16,19,18,13,6,-4,-10
346,Natal,27,28,28,28,28,27,26,25,25,26,27,27,28
347,Tegucigalpa,23,20,21,23,24,24,24,23,24,23,23,21,21
348,Onitsha,,,,,,,,,,,,,
349,N-Djamena,,,,,,,,,,,,,
350,Ranchi,24,17,20,24,29,30,29,26,26,26,24,21,17
351,Kathmandu,19,11,14,17,21,23,25,25,25,24,21,16,12
352,Jabalpur,26,17,21,26,31,34,32,28,27,28,26,22,19
353,Mandalay,29,23,25,29,32,32,31,31,30,30,29,27,23
354,Zhangjiakou,,,,,,,,,,,,,
355,Huainan,16,2,5,10,16,22,25,28,27,22,18,10,4
356,Asansol,27,19,22,27,31,32,31,29,29,29,27,23,19
357,Chaozhou,,,,,,,,,,,,,
358,Kota,26,17,20,25,31,34,32,28,27,28,26,22,19
359,San Diego,18,14,15,15,17,18,19,21,22,21,19,17,14
360,Kharkiv,8,-4,-4,1,10,16,20,22,20,15,8,2,-3
361,San Jose,23,22,23,24,24,24,24,23,23,23,23,23,23
362,Chon Buri,27,23,26,28,30,30,29,29,28,28,27,26,23
363,Allahabad,,,,,,,,,,,,,
364,Gwalior,26,15,19,25,30,35,34,31,30,30,27,22,17
365,Ottawa,7,-10,-8,-2,6,14,19,21,20,15,8,2,-5
366,Zurich,10,1,1,6,11,14,18,20,19,15,11,6,2
367,Belgrade,14,3,4,9,14,19,22,25,24,19,14,9,4
368,Amritsar,23,11,15,20,26,31,32,31,30,28,25,19,13
369,Joao Pessoa,28,29,29,29,28,27,26,26,26,27,28,28,29
370,Yiwu,,,,,,,,,,,,,
371,Basra,26,12,15,20,26,33,36,38,37,33,28,19,13
372,Taizhou Jiangsu,,,,,,,,,,,,,
373,Nouakchott,27,22,24,25,26,27,28,28,29,30,30,27,23
374,Queretaro,18,14,16,18,20,22,22,21,21,20,18,16,14
375,Taian Shandong,,,,,,,,,,,,,
376,Homs,19,8,10,14,18,23,27,30,30,27,22,15,9
377,Copenhagen,9,1,1,3,7,12,15,18,17,14,10,5,2
378,Konya,12,1,3,6,11,16,20,24,24,19,14,7,3
379,Bucaramanga,22,23,23,23,23,22,22,22,22,23,22,22,22
380,Dhanbad,27,19,22,27,31,32,31,29,29,29,27,23,19
381,Weihai,12,0,1,4,9,15,18,22,24,22,17,9,2
382,Dallas,,,,,,,,,,,,,
383,Ganzhou,,,,,,,,,,,,,
384,Adelaide,17,24,23,21,17,14,12,11,12,15,17,20,22
385,Hai Phong,,,,,,,,,,,,,
386,Mombasa,27,28,28,29,28,26,25,24,24,25,26,27,28
387,Taizhong,,,,,,,,,,,,,
388,Maceio,26,27,27,27,27,26,25,24,24,24,25,26,27
389,Cochabamba,18,19,19,19,18,16,14,14,16,18,20,20,20
390,Niamey,30,25,28,32,35,35,32,30,28,30,31,29,25
391,Suweon,,,,,,,,,,,,,
392,Samut Prakan,29,26,29,31,32,31,30,30,29,29,29,28,26
393,Joinville,18,22,22,21,19,16,15,14,16,16,18,20,21
394,Jiaxing,,,,,,,,,,,,,
395,Kaifeng,,,,,,,,,,,,,
396,Helsinki,6,-4,-4,-1,4,10,15,18,16,11,6,2,-2
397,Porto,15,10,11,13,14,16,18,20,20,19,17,13,11
398,Zhanjiang,24,15,18,20,24,27,29,29,28,28,25,22,17
399,Zunyi,,,,,,,,,,,,,
400,Rizhao,,,,,,,,,,,,,
401,Kisangani,26,26,28,28,27,26,26,25,25,25,25,26,25
402,Prague,9,-1,0,4,9,13,16,18,18,14,9,4,0
403,Dongying,,,,,,,,,,,,,
404,Qom,19,4,8,14,20,25,31,33,31,27,20,12,6
405,Mianyang Sichuan,,,,,,,,,,,,,
406,Nanchong,,,,,,,,,,,,,
407,Fushun Liaoning,9,-11,-6,1,10,17,22,25,24,18,10,0,-8
408,Antalya,19,10,11,13,16,21,26,29,29,26,21,16,12
409,Bareilly,25,14,19,24,30,32,33,30,30,29,26,22,17
410,Sofia,11,0,2,6,11,16,19,22,22,17,12,6,1
411,Shiyan,,,,,,,,,,,,,
412,Kazan,5,-11,-10,-4,6,14,18,20,18,12,5,-3,-8
413,Ad-Dammam,,,,,,,,,,,,,
414,Port Elizabeth,18,22,22,21,19,17,15,14,15,16,17,19,20
415,Ahvaz,27,13,16,21,26,33,37,39,38,34,28,20,14
416,Liuan,,,,,,,,,,,,,
417,Florianopolis,21,25,26,25,23,20,18,17,18,19,21,22,24
418,Nizhniy Novgorod,3,-14,-13,-5,4,13,17,19,17,11,3,-3,-10
419,Pointe-Noire,,,,,,,,,,,,,
420,Yingkou,,,,,,,,,,,,,
421,Fes,17,10,11,13,15,19,23,26,26,23,19,14,11
422,Aligarh,26,14,19,24,30,34,34,31,30,30,27,21,16
423,Liuyang,,,,,,,,,,,,,
424,Dublin,10,6,5,7,8,11,13,15,15,13,10,8,6
425,Maoming,,,,,,,,,,,,,
426,Tanger,18,13,13,15,16,19,22,24,24,23,20,16,14
427,Pekan Baru,28,27,28,28,28,29,29,28,28,28,28,28,27
428,Tengzhou,,,,,,,,,,,,,
429,Freetown,27,27,28,28,28,28,27,26,26,26,27,28,27
430,San Luis Potosi,17,13,15,17,19,21,20,19,19,19,17,15,14
431,Mysore,25,23,24,27,28,27,25,24,24,24,24,23,22
432,Chelyabinsk,3,-14,-12,-5,5,13,18,19,17,11,4,-5,-11
433,Moradabad,25,14,19,24,30,32,33,30,30,29,26,22,17
434,Barquisimeto,26,25,25,26,26,26,25,25,25,26,26,26,25
435,Durg-Bhilainagar,,,,,,,,,,,,,
436,Suzhou,17,5,7,10,16,21,25,29,29,25,20,14,7
437,Maracay,26,26,26,27,28,27,26,26,26,26,27,26,26
438,Astana,,,,,,,,,,,,,
439,Zhuzhou,,,,,,,,,,,,,
440,Ruian,,,,,,,,,,,,,
441,Uyo,27,29,29,29,28,28,27,26,26,26,27,27,27
442,Zhenjiang Jiangsu,16,3,5,10,16,21,25,29,28,24,18,11,5
443,Baoji,,,,,,,,,,,,,
444,Jieyang,,,,,,,,,,,,,
445,Chifeng,,,,,,,,,,,,,
446,Bhubaneswar,,,,,,,,,,,,,
447,Pingdingshan Henan,,,,,,,,,,,,,
448,Puning,,,,,,,,,,,,,
449,Mendoza,18,26,24,22,17,13,10,9,11,15,19,22,25
450,Bogor,22,21,21,22,22,23,22,22,22,22,22,22,22
451,Chiang Mai,27,23,25,28,30,29,29,28,28,28,27,25,23
452,Mwanza,23,23,24,24,24,24,23,23,23,24,24,23,23
453,Tiruchirappalli,,,,,,,,,,,,,
454,Omsk,2,-17,-15,-7,4,13,18,20,17,11,4,-7,-14
455,Merida,27,24,25,27,29,30,30,29,29,29,27,26,24
456,Benxi,8,-11,-6,1,9,17,21,24,24,18,10,0,-8
457,Huaibei,15,1,4,9,15,22,25,28,27,22,17,9,3
458,Lilongwe,20,21,21,21,20,18,16,16,17,20,22,23,22
459,Nanyang Henan,14,-1,2,9,15,22,26,28,26,21,16,7,1
460,Jinhua,,,,,,,,,,,,,
461,Xiangtan Hunan,,,,,,,,,,,,,
462,Kigali,22,22,22,22,21,22,21,22,22,22,22,21,22
463,Tripoli,21,13,13,16,20,23,27,29,29,28,24,18,14
464,Chandigarh,23,11,15,20,26,31,32,31,30,28,25,19,13
465,Jinzhou,10,-7,-3,3,11,18,22,25,25,20,12,2,-5
466,Islamabad,22,11,13,18,24,29,31,30,29,28,23,17,13
467,Samara,6,-10,-10,-3,7,15,20,21,19,13,6,-2,-8
468,Amsterdam,10,4,4,6,9,13,15,18,18,15,11,7,4
469,Da Nang,27,22,23,25,27,29,30,30,30,28,26,25,22
470,Haifa,22,15,15,17,20,23,26,28,29,27,24,20,16
471,Guilin,20,8,10,14,20,24,27,29,29,26,22,16,11
472,Krasnoyarsk,1,-18,-15,-5,4,9,17,19,15,9,2,-7,-14
473,Mexicali,23,13,15,19,22,26,31,34,34,30,24,17,13
474,Ufa,4,-13,-12,-5,5,14,18,20,17,12,5,-4,-11
475,Rostov-on-Don,,,,,,,,,,,,,
476,Hubli-Dharwad,,,,,,,,,,,,,
477,Guwahati,25,18,20,24,26,28,29,30,30,29,27,23,19
478,Kaduna,29,29,31,33,31,29,27,26,26,26,27,29,28
479,Bukavu,24,24,24,24,25,24,24,24,25,25,25,24,25
480,Liupanshui,,,,,,,,,,,,,
481,Quetta,18,5,8,13,18,24,28,30,28,23,17,11,6
482,Cologne,11,3,4,7,10,14,17,19,18,15,11,7,4
483,Aguascalientes,18,13,15,17,20,22,22,21,21,20,18,15,14
484,Binzhou,,,,,,,,,,,,,
485,Salem,30,26,27,30,32,33,32,32,31,31,29,27,26
486,Abomey-Calavi,,,,,,,,,,,,,
487,Maputo,24,27,27,26,24,22,20,20,21,22,23,25,26
488,Bandar Lampung,28,27,27,28,28,28,28,27,27,28,28,28,28
489,Aba,,,,,,,,,,,,,
490,Pizhou,,,,,,,,,,,,,
491,Nnewi,,,,,,,,,,,,,
492,Tasikmalaya,28,27,27,28,28,28,28,28,28,29,30,29,28
493,San Salvador,13,8,8,10,11,14,17,19,19,17,14,10,9
494,Yongin,,,,,,,,,,,,,
495,Zaozhuang,,,,,,,,,,,,,
496,Xinxiang,,,,,,,,,,,,,
497,Yueqing,,,,,,,,,,,,,
498,Luohe,,,,,,,,,,,,,
499,Saharanpur,23,14,17,21,25,29,29,28,27,26,23,19,15
500,Shimkent,,,,,,,,,,,,,
501,Cuernavaca,22,19,21,23,25,25,23,22,22,21,21,20,19
502,Yerevan,11,-3,0,6,11,16,21,24,24,20,13,6,-1
503,Goyang,,,,,,,,,,,,,
504,Tbilisi,14,3,4,8,13,19,23,26,26,22,16,9,4
505,Chihuahua,20,11,14,17,21,24,28,26,26,23,20,15,11
506,Panjin,,,,,,,,,,,,,
507,Perm,3,-13,-12,-4,4,11,17,19,15,10,3,-5,-11
508,Bujumbura,24,24,24,24,25,24,24,24,25,25,25,24,25
509,Jalandhar,23,11,15,20,26,31,32,31,30,28,25,19,13
510,Managua,28,27,27,28,30,29,28,28,28,28,27,27,27
511,Voronezh,7,-6,-6,-1,9,15,19,21,19,14,7,0,-5
512,Cartagena,28,27,27,28,28,29,29,29,29,29,28,28,28
513,Wenling,,,,,,,,,,,,,
514,Lille,11,4,4,7,10,14,16,18,18,15,12,7,5
515,Fuyang,,,,,,,,,,,,,
516,Bishkek,12,-2,0,6,13,18,23,25,24,18,12,5,0
517,Diyarbakir,16,2,4,9,14,19,25,30,30,25,18,10,4
518,Bazhong,,,,,,,,,,,,,
519,Siliguri,25,17,20,25,27,28,29,30,30,29,27,23,19
520,Oslo,7,-3,-2,2,7,12,16,18,17,12,7,3,-2
521,Shangrao,,,,,,,,,,,,,
522,Changwon,12,-2,0,5,11,17,21,24,26,21,15,8,1
523,Jingzhou Hubei,15,4,7,12,16,19,22,24,24,21,16,12,6
524,Ma'anshan,,,,,,,,,,,,,
525,Zhaoqing,,,,,,,,,,,,,
526,Antwerp,11,4,4,7,10,14,16,19,18,15,12,7,4
527,Kermanshah,16,2,5,9,14,19,25,29,28,23,17,9,5
528,Xiongan,,,,,,,,,,,,,
529,Bien Hoa,28,27,28,29,30,30,29,28,29,28,28,28,27
530,Johor Bahru,28,28,28,29,29,29,29,28,28,28,29,28,28
531,Solapur,25,21,23,26,29,30,28,25,25,26,25,23,21
532,Samarinda,28,28,28,28,28,28,28,28,28,28,29,28,28
533,Toulouse,14,6,7,10,12,16,20,22,22,19,15,10,7
534,Mersin,20,10,11,14,18,22,26,29,29,27,23,16,12
535,Hargeysa,,,,,,,,,,,,,
536,Teresina,29,29,28,28,28,29,29,29,30,31,31,31,30
537,Kirkuk,14,0,4,8,13,18,23,26,26,22,15,8,2
538,Fuzhou Jiangxi,21,11,13,15,19,23,27,30,30,27,23,19,13
539,Aracaju,26,27,28,28,27,26,25,25,25,25,26,27,27
540,Bobo-Dioulasso,28,26,30,32,31,30,28,26,26,26,28,28,26
541,Leshan,4,-5,-2,0,4,8,10,13,12,9,5,1,-4
542,Yueyang,,,,,,,,,,,,,
543,Dezhou,,,,,,,,,,,,,
544,Marrakech,21,13,14,17,19,22,25,29,29,26,22,17,14
545,Tampico,,,,,,,,,,,,,
546,Huzhou,,,,,,,,,,,,,
547,Rotterdam,11,4,4,7,9,13,15,18,18,15,11,7,5
548,Aden,29,26,26,27,29,31,33,33,32,32,29,27,26
549,Austin,21,11,13,17,21,25,28,30,30,27,22,16,12
550,San Jose,15,10,12,13,14,15,17,17,18,18,17,13,10
551,Denpasar,27,28,28,28,28,27,27,26,26,27,28,28,28
552,Odesa,11,0,0,4,10,16,20,23,23,17,11,6,1
553,Chenzhou,,,,,,,,,,,,,
554,Xuchang,,,,,,,,,,,,,
555,Volgograd,8,-6,-6,0,10,16,21,24,22,16,8,1,-4
556,Saltillo,18,12,14,17,20,22,23,23,22,20,18,15,13
557,San Miguel de Tucuman,21,27,26,24,21,17,14,14,16,20,23,25,26
558,Asmara,19,17,19,20,21,21,21,19,18,18,18,17,17
559,Padang,27,27,27,27,27,28,27,27,27,27,27,27,27
560,Cebu City,28,27,27,28,29,29,29,28,28,28,28,28,28
561,Acapulco de Juarez,27,26,26,26,26,28,29,28,28,28,28,27,26
562,Valparaiso,15,21,21,19,15,12,10,9,10,12,15,18,20
563,Sekondi Takoradi,27,27,28,29,29,28,27,26,26,27,27,28,27
564,Ikorodu,,,,,,,,,,,,,
565,Kayseri,11,0,1,6,11,15,19,22,22,18,13,6,2
566,Warangal,28,23,26,29,32,35,32,29,29,29,28,25,23
567,Changshu,,,,,,,,,,,,,
568,Bordeaux,14,7,8,10,12,16,19,21,21,18,15,10,7
569,Songkhla,,,,,,,,,,,,,
570,Qujing,,,,,,,,,,,,,
571,Nonthaburi,,,,,,,,,,,,,
572,Yichun Jiangxi,,,,,,,,,,,,,
573,Krasnodar,12,0,1,6,12,17,21,24,24,19,12,6,2
574,Ilorin,,,,,,,,,,,,,
575,Cancun,26,22,23,24,26,27,28,28,28,27,26,24,23
576,Tshikapa,27,26,25,26,26,27,28,28,28,28,28,27,26
577,Nyala,,,,,,,,,,,,,
578,Xintai,,,,,,,,,,,,,
579,Jixi Heilongjiang,,,,,,,,,,,,,
580,Blantyre-Limbe,,,,,,,,,,,,,
581,Morelia,19,16,18,20,22,23,22,20,20,20,19,17,16
582,Pingxiang Jiangxi,,,,,,,,,,,,,
583,Dnipro,10,-4,-3,3,10,18,22,24,23,17,10,4,-1
584,Khulna,27,19,22,27,30,31,31,30,30,30,28,24,20
585,Jerusalem,21,14,14,16,19,22,25,27,28,27,24,20,15
586,Cucuta,28,26,27,27,27,28,29,29,29,29,28,27,26
587,Nice,16,9,10,12,14,18,21,24,24,21,18,13,10
588,Dehradun,23,14,17,21,25,29,29,28,27,26,23,19,15
589,Seongnam,,,,,,,,,,,,,
590,Fort Worth,19,8,10,14,19,23,28,30,30,26,20,14,9
591,Agadir,20,14,15,18,19,21,23,25,25,23,22,19,16
592,Mudanjiang,5,-16,-12,-4,6,14,20,23,22,15,7,-4,-14
593,Hamah,,,,,,,,,,,,,
594,Dushanbe,16,4,6,11,16,21,26,28,26,22,16,11,6
595,Guiping,,,,,,,,,,,,,
596,Jiujiang,,,,,,,,,,,,,
597,Southampton,,,,,,,,,,,,,
598,Laiwu,,,,,,,,,,,,,
599,Arequipa,15,16,16,16,16,15,15,14,15,15,16,15,16
600,Ciudad Guayana,28,27,27,27,28,28,28,28,28,28,28,28,27
601,Zamboanga City,28,28,28,28,29,29,28,28,28,28,28,28,28
602,Veracruz,26,22,22,24,27,28,28,28,28,27,26,24,23
603,Jacksonville,19,8,10,14,19,23,27,28,28,25,19,13,9
604,San Pedro Sula,27,25,26,27,29,29,29,28,29,29,27,26,25
605,Zhucheng,,,,,,,,,,,,,
606,Pathum Thani,,,,,,,,,,,,,
607,Rajshahi,26,17,21,26,30,30,30,30,30,30,28,23,19
608,Chengde,,,,,,,,,,,,,
609,Misratah,,,,,,,,,,,,,
610,Guigang,,,,,,,,,,,,,
611,Jos,29,29,31,33,31,29,27,26,26,26,27,29,28
612,Reynosa,25,16,19,22,25,28,30,31,31,29,25,21,17
613,Bengbu,,,,,,,,,,,,,
614,Columbus,15,3,4,8,14,19,24,27,26,22,15,10,5
615,Villahermosa,27,24,25,26,29,30,29,29,29,28,27,25,24
616,Yangjiang,,,,,,,,,,,,,
617,Charlotte,11,-3,-2,4,10,16,22,25,24,19,12,6,-1
618,Ulsan,15,2,4,8,13,19,22,26,27,22,17,11,4
619,Bangui,27,26,28,28,28,28,27,26,26,26,26,27,26
620,Oran,18,11,12,14,16,19,23,26,27,24,20,15,12
621,West Rand,16,23,22,20,16,12,8,8,11,15,18,20,22
622,Owerri,27,29,29,29,28,28,27,26,26,26,27,27,27
623,Campo Grande,25,27,27,27,26,23,23,22,24,25,26,27,27
624,Liverpool,11,5,6,7,10,12,15,17,16,15,12,8,6
625,Antipolo,,,,,,,,,,,,,
626,Najaf,17,4,6,10,15,21,26,29,29,25,19,11,7
627,Zhangzhou,,,,,,,,,,,,,
628,Bergamo,14,4,5,9,13,18,22,24,24,19,14,9,4
629,Donetsk,9,-4,-4,2,10,16,20,22,21,15,9,2,-3
630,Tianmen,,,,,,,,,,,,,
631,Warri,27,28,29,29,29,28,27,26,25,26,26,28,28
632,Londrina,23,25,25,25,23,20,19,19,21,22,24,24,25
633,Leiyang,,,,,,,,,,,,,
634,Malang,28,28,28,28,28,28,28,27,27,28,29,29,28
635,La Plata,17,24,23,21,17,14,11,10,12,14,17,20,23
636,Concepcion,13,17,17,16,13,12,10,9,10,11,12,14,16
637,Hengshui,,,,,,,,,,,,,
638,Linfen,,,,,,,,,,,,,
639,Xinyu,,,,,,,,,,,,,
640,Sylhet,26,19,22,26,27,28,29,29,29,29,28,24,20
641,Dandong,9,-7,-3,2,9,16,20,23,24,19,12,3,-5
642,Indianapolis,12,-2,0,6,12,18,23,24,24,20,13,6,1
643,Nampula,25,26,26,26,25,23,22,21,23,24,26,27,27
644,Deyang,,,,,,,,,,,,,
645,Hermosillo,25,16,18,21,24,27,32,33,32,31,26,21,16
646,San Francisco,15,10,12,13,14,15,17,17,18,18,17,13,10
647,Trujillo,20,22,23,23,21,20,19,18,18,18,18,19,20
648,Taiz,,,,,,,,,,,,,
649,Guntur,29,25,26,28,31,33,32,31,30,30,29,27,26
650,Jiangyin,,,,,,,,,,,,,
651,Bhiwandi,,,,,,,,,,,,,
652,Lubango,25,27,27,26,25,23,19,19,22,26,29,28,28
653,Liaoyang,,,,,,,,,,,,,
654,Bahawalpur,26,13,16,22,28,34,35,34,33,31,27,21,15
655,Changzhi,,,,,,,,,,,,,
656,Tyumen,2,-17,-15,-5,4,11,17,18,15,10,3,-6,-13
657,Soshanguve,,,,,,,,,,,,,
658,Tuxtla Gutierrez,25,23,24,26,28,28,27,26,26,26,25,24,23
659,Ashgabat,18,4,6,11,18,24,29,31,30,24,18,11,6
660,Erbil,,,,,,,,,,,,,
661,Baishan,,,,,,,,,,,,,
662,Liling,,,,,,,,,,,,,
663,Tainan,,,,,,,,,,,,,
664,Puducherry,29,26,26,28,30,32,32,31,30,30,29,27,26
665,Culiacan,26,20,21,22,24,27,30,31,30,30,29,25,21
666,Changde,18,5,7,13,18,23,26,29,29,24,19,13,8
667,Fuxin,,,,,,,,,,,,,
668,Palermo,19,12,12,14,16,20,23,26,27,24,21,17,14
669,Shangqiu,,,,,,,,,,,,,
670,Xingtai,,,,,,,,,,,,,
671,Hufuf-Mubarraz,,,,,,,,,,,,,
672,Firozabad,26,15,19,25,30,35,34,31,30,30,27,22,17
673,Libreville,27,27,27,27,27,27,26,25,25,26,26,26,27
674,Huangshi,,,,,,,,,,,,,
675,Saratov,7,-8,-8,-2,9,16,21,23,21,15,7,-1,-6
676,Banghazi,,,,,,,,,,,,,
677,Valencia,18,11,12,14,16,19,23,26,26,23,20,15,12
678,Luzhou,,,,,,,,,,,,,
679,Quebec City,7,-9,-8,-2,7,14,19,21,20,16,9,2,-5
680,Yibin,,,,,,,,,,,,,
681,Bucheon,,,,,,,,,,,,,
682,Ipoh,28,27,28,28,28,28,28,28,28,28,28,27,27
683,Winnipeg,5,-14,-14,-5,5,12,18,22,21,16,7,-2,-12
684,Bogra,26,18,21,26,28,29,30,30,30,30,28,24,20
685,Cabinda,26,27,27,28,28,27,24,23,23,24,26,27,27
686,Umuahia,27,29,29,29,28,28,27,26,26,26,27,27,27
687,Xinyang,16,3,5,11,17,22,26,28,27,22,18,11,5
688,Xinghua,,,,,,,,,,,,,
689,Newcastle upon Tyne,,,,,,,,,,,,,
690,Yangquan,,,,,,,,,,,,,
691,Thessaloniki,16,6,7,10,14,19,24,26,26,22,17,11,7
692,Yongzhou,,,,,,,,,,,,,
693,Bologna,14,3,5,10,14,19,23,25,25,20,15,9,4
694,Orumiyeh,,,,,,,,,,,,,
695,Xiaogan,,,,,,,,,,,,,
696,Heze,,,,,,,,,,,,,
697,Barcelona-Puerto La Cruz,26,25,25,26,26,26,25,25,25,26,26,26,25
698,Maiduguri,29,23,27,30,33,34,34,31,29,30,31,27,23
699,Kuerle,,,,,,,,,,,,,
700,Niigata,14,3,3,6,11,17,21,25,27,23,17,11,6
701,Eskisehir,11,1,2,6,11,15,19,22,23,18,13,6,2
702,Cherthala,,,,,,,,,,,,,
703,Quzhou,,,,,,,,,,,,,
704,Zhuji,,,,,,,,,,,,,
705,Sorocaba,22,25,25,24,23,20,19,19,20,21,23,23,24
706,Haicheng,,,,,,,,,,,,,
707,Enugu,27,27,30,31,30,28,26,26,25,25,26,28,27
708,Nottingham,,,,,,,,,,,,,
709,Tianshui,5,-8,-5,0,6,10,14,16,15,10,6,-1,-6
710,Huludao,,,,,,,,,,,,,
711,Xalapa,,,,,,,,,,,,,
712,Bikaner,28,16,20,26,31,35,36,34,32,31,29,24,18
713,Frankfurt,11,2,3,7,11,15,18,20,20,16,11,6,3
714,Huaihua,,,,,,,,,,,,,
715,Nakhon Ratchasima,28,24,28,29,31,30,30,30,29,28,28,27,25
716,Vereeniging,18,22,22,21,17,14,11,11,14,18,20,21,22
717,Liaocheng,,,,,,,,,,,,,
718,Seattle,12,6,7,9,11,14,17,20,20,17,12,8,6
719,Jiaozuo,,,,,,,,,,,,,
720,Bozhou,,,,,,,,,,,,,
721,Nellore,30,26,27,30,32,35,33,32,31,31,30,27,26
722,Hamilton,8,-5,-5,0,7,13,18,21,20,16,9,4,-2
723,Gebze,,,,,,,,,,,,,
724,Taixing,,,,,,,,,,,,,
725,Cagayan de Oro City,27,25,26,26,27,28,27,27,27,27,26,26,26
726,Krakow,9,-1,0,3,9,14,17,19,19,14,9,4,-1
727,Kunshan,,,,,,,,,,,,,
728,Shaoguan,,,,,,,,,,,,,
729,Gorakhpur,25,15,19,24,29,31,31,30,30,29,26,22,17
730,Dasmarinas,,,,,,,,,,,,,
731,Amravati,28,22,25,29,33,35,32,28,27,28,28,26,23
732,Jincheng,,,,,,,,,,,,,
733,Langfang,13,-3,0,7,14,21,25,27,26,21,14,5,-1
734,Ansan,15,2,4,8,13,18,22,25,27,22,17,10,4
735,Ar-Rayyan,,,,,,,,,,,,,
736,Sulaimaniya,14,0,4,8,13,18,23,26,26,22,15,8,2
737,Cuttack,28,23,26,30,32,32,31,29,29,29,28,25,23
738,Bur Sa'id,21,14,14,16,19,22,25,27,28,26,23,19,15
739,Denver,11,0,1,5,9,14,20,23,22,18,11,5,0
740,Meishan,,,,,,,,,,,,,
741,Zhumadian,,,,,,,,,,,,,
742,Zigong,,,,,,,,,,,,,
743,Benguela,,,,,,,,,,,,,
744,Gaomi,,,,,,,,,,,,,
745,Anqing,,,,,,,,,,,,,
746,Qingyuan,,,,,,,,,,,,,
747,Banjarmasin,28,27,28,28,28,28,28,27,28,28,29,28,28
748,Hanchuan,,,,,,,,,,,,,
749,Danyang,,,,,,,,,,,,,
750,Muzaffarnagar,23,14,17,21,25,29,29,28,27,26,23,19,15
751,Lokoja,27,27,30,31,30,28,26,26,25,25,26,28,27
752,Kumamoto,16,5,7,10,15,20,23,27,27,24,18,13,7
753,Kottayam,28,28,28,29,29,29,28,27,27,27,28,28,28
754,Belgaum,24,22,24,26,28,28,25,24,24,24,24,23,22
755,Zarqa,18,9,10,12,17,21,25,26,26,25,21,15,10
756,Zaria,28,22,26,29,32,32,30,28,27,28,29,26,22
757,Sheffield,9,3,3,5,8,10,13,15,15,13,10,6,4
758,Zanzibar,,,,,,,,,,,,,
759,Gaza,21,14,14,16,19,22,25,27,28,27,24,20,15
760,Zaragoza,16,7,8,12,14,18,23,25,25,21,16,11,7
761,Linhai,,,,,,,,,,,,,
762,Zaporizhzhya,,,,,,,,,,,,,
763,Malegaon,,,,,,,,,,,,,
764,Sao Jose dos Campos,23,25,26,25,23,20,19,19,21,23,24,25,25
765,Oshogbo,,,,,,,,,,,,,
766,Erduosi-Ordoss,,,,,,,,,,,,,
767,Shaoyang,,,,,,,,,,,,,
768,Kayamkulam,,,,,,,,,,,,,
769,Jiamusi,3,-19,-16,-7,4,13,19,22,21,14,5,-7,-18
770,Mangalore,28,27,28,29,29,29,27,26,26,27,27,28,28
771,Okayama,15,4,4,8,13,18,22,26,27,23,17,11,6
772,Ribeirao Preto,23,25,26,25,23,20,19,19,21,23,24,25,25
773,Xianyang Shaanxi,14,0,4,9,15,20,25,27,25,21,15,7,2
774,Bunia,26,27,27,27,28,27,25,24,25,26,27,27,26
775,Lviv,8,-3,-1,3,9,14,17,19,18,13,9,3,-1
776,Rasht,17,7,7,10,14,20,25,26,26,23,19,13,9
777,Anqiu,,,,,,,,,,,,,
778,Tongliao,,,,,,,,,,,,,
779,Cheongju,12,-2,0,5,11,17,21,24,26,21,15,8,1
780,Sialkot,23,11,15,20,26,31,32,30,29,28,25,19,13
781,Maturin,28,27,27,27,28,28,28,28,28,28,28,28,27
782,Buffalo City,19,23,23,22,20,18,16,16,17,17,18,19,21
783,Panzhihua,,,,,,,,,,,,,
784,Suining Sichuan,,,,,,,,,,,,,
785,Yanji,6,-13,-9,-2,7,14,19,22,22,15,7,-2,-11
786,Tongling,,,,,,,,,,,,,
787,Wuzhou,,,,,,,,,,,,,
788,Oaxaca de Juarez,21,18,20,21,23,23,22,21,21,21,20,19,18
789,Washington,15,3,4,8,14,19,24,27,26,22,15,10,5
790,Sargodha,24,12,15,21,27,32,33,32,31,30,26,19,14
791,Bhavnagar,28,23,25,28,30,31,30,29,28,29,29,27,24
792,Gold Coast,21,26,25,24,22,19,17,16,17,19,21,23,24
793,Yan'an,,,,,,,,,,,,,
794,Kitwe,21,23,23,22,21,19,17,16,19,22,25,25,23
795,Florence,,,,,,,,,,,,,
796,Jammu,24,12,15,21,26,31,33,31,30,29,25,19,14
797,Yulin Shaanxi,,,,,,,,,,,,,
798,Nanded Waghala,25,23,24,27,28,27,25,24,24,24,24,23,22
799,Dazhou,,,,,,,,,,,,,
800,Tirupati,30,26,27,30,32,35,33,32,31,31,30,27,26
801,Bacoor,,,,,,,,,,,,,
802,Malanje,25,27,27,28,28,27,23,22,22,23,25,27,27
803,Dengzhou,,,,,,,,,,,,,
804,The Hague,,,,,,,,,,,,,
805,Longyan,,,,,,,,,,,,,
806,Yuncheng,,,,,,,,,,,,,
807,Seville,,,,,,,,,,,,,
808,Cotonou,28,28,29,29,29,28,27,26,26,27,27,28,28
809,Dongtai,,,,,,,,,,,,,
810,Tolyatti,6,-11,-12,-3,7,15,19,21,20,14,6,0,-7
811,Salta,18,22,21,20,18,14,12,12,14,16,20,21,22
812,Merca,,,,,,,,,,,,,
813,Bali,,,,,,,,,,,,,
814,Yuyao,,,,,,,,,,,,,
815,Boston,11,-1,0,4,9,15,20,23,22,18,13,7,2
816,Uberlandia,23,24,25,24,23,21,21,21,22,25,25,24,24
817,Taif,22,11,14,17,23,27,30,32,32,29,25,18,13
818,Yuxi,,,,,,,,,,,,,
819,Vientiane,27,23,26,28,29,29,29,28,28,28,28,26,24
820,Bristol,11,5,5,7,10,12,15,17,16,15,12,8,6
821,Akure,27,28,29,29,29,28,27,26,25,26,26,28,28
822,Ibb,,,,,,,,,,,,,
823,Celaya,,,,,,,,,,,,,
824,Al-Hudaydah,29,25,26,27,30,32,32,33,32,31,28,26,25
825,Cheonan,12,-2,0,5,11,17,21,24,26,21,15,8,1
826,Jundiai,,,,,,,,,,,,,
827,Gulbarga,,,,,,,,,,,,,
828,Huambo,25,27,27,28,28,27,23,22,22,23,25,27,27
829,Padova,,,,,,,,,,,,,
830,Durgapur,27,19,22,27,31,32,31,29,29,29,27,23,19
831,Kurnool,29,25,28,31,33,34,31,29,29,28,28,26,25
832,El Paso,18,8,10,14,19,24,28,28,28,24,19,12,7
833,Nantes,13,6,7,9,11,15,17,19,20,17,14,9,7
834,Buraydah,26,13,16,20,26,31,34,35,35,33,28,20,15
835,Zagreb,12,1,3,7,12,17,20,22,22,17,12,7,1
836,Zhangjiagang,,,,,,,,,,,,,
837,Pontianak,28,27,28,28,28,28,28,28,28,28,28,28,28
838,Amara,,,,,,,,,,,,,
839,Liege,10,3,4,7,10,14,16,18,18,15,11,7,4
840,Taicang,,,,,,,,,,,,,
841,Nashville,16,4,6,10,16,20,25,27,26,22,16,10,5
842,Genoa,17,9,10,12,14,19,22,25,25,22,18,13,10
843,Ezhou,,,,,,,,,,,,,
844,Santiago,26,24,24,25,26,27,28,28,28,28,27,26,25
845,Mar Del Plata,14,21,20,19,15,12,9,8,9,11,13,16,19
846,Tamale,29,29,32,33,31,30,29,27,27,27,28,29,28
847,Zhoukou,,,,,,,,,,,,,
848,Lodz,9,-2,-1,3,9,14,17,20,19,14,9,5,1
849,Goma,,,,,,,,,,,,,
850,Oklahoma City,16,4,6,11,16,21,25,28,28,23,17,10,5
851,Lattakia,,,,,,,,,,,,,
852,Las Vegas,21,9,12,16,20,25,30,33,33,28,21,13,8
853,Tabuk,22,11,14,17,23,27,30,32,32,29,25,18,13
854,Ankang,,,,,,,,,,,,,
855,General Santos City,28,27,28,28,29,28,28,27,27,27,28,28,28
856,Renqiu,,,,,,,,,,,,,
857,Detroit,10,-3,-2,3,9,16,21,24,23,18,12,5,0
858,Manama,28,18,19,22,27,32,35,36,36,34,31,25,19
859,Loudi,,,,,,,,,,,,,
860,Jeonju,13,-1,2,6,11,17,22,25,26,22,16,9,2
861,Bijie,,,,,,,,,,,,,
862,Portland,13,5,7,9,11,15,18,21,21,18,13,8,5
863,Sokoto,30,25,29,32,35,35,33,30,28,30,31,29,25
864,Qinzhou,,,,,,,,,,,,,
865,Macao,,,,,,,,,,,,,
866,Samsun,15,6,7,9,12,16,21,23,24,20,17,12,9
867,Denizli,18,7,8,12,16,21,26,29,29,25,18,13,9
868,Zhoushan,,,,,,,,,,,,,
869,Busto Arsizio,14,3,5,9,13,19,22,25,24,20,14,8,4
870,Tongxiang,,,,,,,,,,,,,
871,Longhai,,,,,,,,,,,,,
872,Puyang,,,,,,,,,,,,,
873,Hezhou,,,,,,,,,,,,,
874,Jhansi,26,15,19,25,30,35,34,31,30,30,27,22,17
875,Neijiang,,,,,,,,,,,,,
876,Izhevsk,3,-14,-13,-5,4,13,17,19,17,11,3,-3,-10
877,Memphis,17,6,8,12,17,22,27,28,28,24,18,12,7
878,Jamnagar,28,21,24,28,32,34,32,29,28,29,29,26,22
879,As-Suways,,,,,,,,,,,,,
880,Erode,27,25,27,29,30,29,28,27,27,27,27,26,25
881,Doha,28,18,20,23,28,34,36,37,36,34,31,26,21
882,Pachuca de Soto,16,13,14,16,18,18,17,17,17,16,15,14,14
883,Haimen,,,,,,,,,,,,,
884,Chongjin,9,-5,-3,2,8,13,17,21,23,18,12,4,-3
885,Chiclayo,23,25,27,26,25,23,21,20,20,20,21,22,23
886,Wuhai,,,,,,,,,,,,,
887,Hegang,,,,,,,,,,,,,
888,Sanya,27,22,24,25,28,29,29,29,29,28,27,25,23
889,Be'er Sheva,21,14,14,16,19,22,25,27,28,27,24,20,15
890,Durango,19,13,15,17,21,23,24,23,22,21,19,16,13
891,Bokaro Steel City,24,17,20,24,29,30,29,26,26,26,24,21,17
892,Wroclaw,9,0,1,4,9,14,17,19,19,14,9,4,1
893,Irkutsk,1,-18,-14,-6,3,10,16,19,16,9,2,-8,-15
894,Barnaul,3,-16,-14,-6,5,13,18,20,18,11,4,-6,-12
895,Nay Pyi Taw,27,22,24,27,31,30,29,28,28,28,27,25,23
896,Bulawayo,21,23,23,22,20,18,16,16,18,22,23,24,23
897,Miluo,,,,,,,,,,,,,
898,Venezia,,,,,,,,,,,,,
899,Jambi,27,27,27,27,28,28,28,27,27,28,28,27,27
900,Safaqis,,,,,,,,,,,,,
901,Khabarovsk,2,-20,-15,-7,5,13,19,22,20,14,5,-7,-18
902,Herat,18,4,7,13,19,25,29,30,29,24,18,10,6
903,Duesseldorf,,,,,,,,,,,,,
904,Belfast,10,5,5,7,9,11,14,16,15,13,11,8,6
905,Nasiriyah,,,,,,,,,,,,,
906,Stuttgart,9,0,1,4,8,13,16,18,17,13,9,4,1
907,Verona,14,3,5,9,13,19,22,25,24,20,14,8,4
908,Raurkela,,,,,,,,,,,,,
909,Jubayl,,,,,,,,,,,,,
910,Riga,7,-2,-2,1,6,12,15,18,17,13,7,3,-1
911,Bandar Abbas,27,17,19,22,27,31,34,35,34,32,29,24,19
912,Kolhapur,27,25,26,27,29,30,28,27,27,27,28,28,27
913,Bacolod,28,26,27,28,29,29,28,28,28,28,28,28,27
914,Seregno,,,,,,,,,,,,,
915,Ulyanovsk,5,-12,-12,-4,6,14,18,20,19,13,5,-1,-7
916,Uvira,26,27,27,27,28,27,25,24,25,26,27,27,26
917,Al-Ain,,,,,,,,,,,,,
918,Bari,16,9,9,11,14,18,22,25,25,21,17,13,10
919,Yulin Guangxi,,,,,,,,,,,,,
920,Ajmer,26,16,20,25,30,34,34,31,29,29,28,22,18
921,Kuching,27,26,27,27,28,28,28,28,28,28,27,27,27
922,Bissau,28,26,27,28,29,29,29,28,27,28,28,28,26
923,Bauchi,28,22,26,29,32,32,30,28,27,28,29,26,22
924,Geneva,11,2,3,7,10,15,18,20,20,16,12,6,3
925,Enshi,,,,,,,,,,,,,
926,Anshun,,,,,,,,,,,,,
927,Colombo,28,27,28,29,29,30,29,29,29,28,28,28,27
928,Sihui,,,,,,,,,,,,,
929,Hanzhong,,,,,,,,,,,,,
930,Ujjain,25,18,21,26,30,32,30,26,25,26,26,23,20
931,Gothenburg,,,,,,,,,,,,,
932,Jinzhong,,,,,,,,,,,,,
933,Patiala,25,13,17,22,28,32,33,31,30,29,26,20,15
934,Zahedan,19,7,10,15,20,25,28,29,27,23,19,13,9
935,Bilaspur,25,18,21,25,29,32,30,26,26,26,24,21,18
936,Louisville,15,2,4,9,15,20,24,26,26,22,15,9,4
937,San Jose del Monte,28,27,28,28,29,28,28,27,27,27,28,28,28
938,Hillah,,,,,,,,,,,,,
939,Kryvyi Rih,10,-4,-3,3,10,17,21,23,23,17,10,4,-1
940,Yaroslavl,5,-10,-9,-3,5,13,16,19,17,12,5,0,-5
941,Brighton,,,,,,,,,,,,,
942,Feira De Santana,22,23,23,23,23,21,20,19,21,23,24,23,23
943,Vladivostok,5,-13,-9,-2,6,11,15,19,21,16,9,-1,-10
944,Comilla,26,18,22,26,28,29,29,29,29,29,28,24,20
945,Tlaxcala,,,,,,,,,,,,,
946,Siping,,,,,,,,,,,,,
947,Sanhe,,,,,,,,,,,,,
948,Calabar,27,27,28,28,27,27,26,26,25,26,26,26,27
949,Mathura,26,15,19,25,30,35,34,31,30,30,27,22,17
950,Abakaliki,27,29,29,29,28,28,27,26,26,26,27,27,27
951,Xinmi,15,1,4,10,16,22,26,28,26,21,17,9,3
952,Skopje,13,1,4,8,12,17,22,24,24,19,14,7,2
953,Makhachkala,13,0,1,5,10,17,23,25,25,21,14,8,4
954,Tomsk,1,-20,-17,-6,3,9,16,19,15,9,2,-8,-15
955,Jingjiang,,,,,,,,,,,,,
956,Shishi,,,,,,,,,,,,,
957,Fuqing,,,,,,,,,,,,,
958,Sanliurfa,,,,,,,,,,,,,
959,Leipzig,9,1,1,5,9,13,16,19,18,14,9,5,2
960,Agartala,26,18,22,26,28,29,29,29,29,29,28,24,20
961,Xiantao,,,,,,,,,,,,,
962,Yichun Heilongjiang,,,,,,,,,,,,,
963,Imphal,22,15,17,21,23,25,26,26,26,26,24,19,15
964,Daye,,,,,,,,,,,,,
965,Mbeya,18,20,20,20,19,17,15,15,16,18,20,21,20
966,Cenxi,,,,,,,,,,,,,
967,Kingston,28,27,27,27,28,28,29,29,29,29,29,28,27
968,Sangli,24,22,24,26,28,28,25,24,24,24,24,23,22
969,Cuiaba,28,28,28,28,28,26,26,25,28,29,30,29,28
970,Samarkand,15,3,4,9,15,20,25,26,25,21,15,9,4
971,Malaga,19,12,13,15,16,19,23,26,26,24,20,16,13
972,Ibague,23,23,23,23,22,22,22,23,23,23,22,22,22
973,Dortmund,11,3,3,6,10,13,16,19,18,15,11,7,4
974,Kagoshima,19,8,10,13,17,21,24,29,29,27,22,16,10
975,Cabimas,,,,,,,,,,,,,
976,Qitaihe,,,,,,,,,,,,,
977,Milwaukee,9,-5,-3,2,8,14,20,23,22,18,11,4,-2
978,Catania,18,11,11,12,15,19,23,26,26,24,20,15,12
979,Samut Sakhon,29,29,29,30,30,30,29,29,29,29,28,29,29
980,Likasi,26,27,27,27,28,27,25,24,25,26,27,27,26
981,Beira,24,27,27,27,25,23,21,20,22,23,25,26,27
982,Hamadan,12,-2,2,7,12,16,22,25,24,20,14,6,1
983,Shuozhou,,,,,,,,,,,,,
984,Tonghua,,,,,,,,,,,,,
985,Djibouti,31,26,26,28,30,33,36,38,37,34,31,29,27
986,Essen,11,3,4,7,10,14,16,19,18,15,11,7,4
987,Toulon,16,9,9,11,13,17,21,23,24,20,17,13,10
988,Dresden,9,-1,0,4,10,14,17,19,18,14,9,5,0
989,Juiz De Fora,21,24,25,24,22,19,19,18,19,20,21,22,23
990,Bouake,28,27,29,29,29,28,27,26,26,27,27,28,26
991,Pereira,23,23,23,23,22,22,22,23,23,23,22,22,22
992,Udaipur,28,20,23,28,32,35,33,30,29,30,29,25,22
993,Sanmenxia,,,,,,,,,,,,,
994,Vellore,29,25,27,29,31,33,32,31,30,30,29,27,26
995,Dongyang,,,,,,,,,,,,,
996,Ardabil,10,-1,1,5,10,15,18,20,20,17,12,6,1
997,Thoothukkudi,,,,,,,,,,,,,
998,Bloemfontein,,,,,,,,,,,,,
999,Xinyi,,,,,,,,,,,,,
1000,Udon Thani,,,,,,,,,,,,,
1001,Ogbomosho,,,,,,,,,,,,,
1002,Jalgaon,26,21,24,28,31,33,29,26,26,26,26,24,22
1003,Hebi,,,,,,,,,,,,,
1004,Zaoyang,,,,,,,,,,,,,
1005,Yiyang Hunan,,,,,,,,,,,,,
1006,Gaya,26,16,20,25,31,33,33,30,30,29,26,22,17
1007,Baltimore,13,1,2,7,12,18,23,26,24,20,14,8,3
1008,Yazd,20,7,10,15,21,27,31,33,31,27,22,13,8
1009,Tirunelveli,28,28,28,29,29,29,28,27,28,28,28,28,28
1010,Zhaodong,,,,,,,,,,,,,
1011,Dengfeng,,,,,,,,,,,,,
1012,Matamoros,24,17,19,21,24,27,29,30,30,28,25,21,18
1013,Kitchener,7,-6,-6,-1,6,13,18,20,19,15,9,3,-3
1014,Poza Rica de Hidalgo,16,13,14,16,18,18,17,17,17,16,15,14,14
1015,Oujda,,,,,,,,,,,,,
1016,Santa Fe,,,,,,,,,,,,,
1017,Cuito,,,,,,,,,,,,,
1018,Orenburg,5,-12,-12,-5,7,15,21,22,20,14,6,-3,-9
1019,Cangzhou,,,,,,,,,,,,,
1020,Jiaozhou,,,,,,,,,,,,,
1021,Kemerovo,2,-17,-14,-6,2,11,16,19,16,9,2,-8,-14
1022,Bremen,10,2,2,5,9,13,15,18,17,15,10,7,4
1023,Karbala,17,4,6,10,15,21,26,29,29,25,19,11,7
1024,Al-Mansurah,,,,,,,,,,,,,
1025,Weinan,,,,,,,,,,,,,
1026,Anyang,,,,,,,,,,,,,
1027,Mazar-e Sharif,23,12,14,19,24,29,32,31,30,29,24,18,13
1028,Kota Kinabalu,28,27,27,28,29,29,28,28,28,28,28,28,28
1029,Basel,11,2,3,7,10,15,18,20,20,15,11,6,3
1030,Gomel,8,-4,-4,1,9,15,18,20,19,13,7,1,-3
1031,Albuquerque,14,3,6,10,14,19,24,26,25,21,15,8,3
1032,Gaozhou,,,,,,,,,,,,,
1033,Feicheng,,,,,,,,,,,,,
1034,Meknes,,,,,,,,,,,,,
1035,Panipat,25,14,17,23,29,33,34,31,30,30,26,21,16
1036,Kahramanmaras,18,5,7,11,16,21,26,30,31,26,19,12,7
1037,Irbid,19,10,11,14,17,22,24,26,27,25,22,16,11
1038,Arak,14,-1,4,9,14,19,25,28,27,22,16,8,2
1039,Tepic,23,19,19,20,21,23,26,26,26,26,25,22,19
1040,Chiang Rai,27,23,25,28,30,29,29,28,28,28,27,25,23
1041,Guangyuan,,,,,,,,,,,,,
1042,Leicester,,,,,,,,,,,,,
1043,Tongchuan,,,,,,,,,,,,,
1044,Khamis Mushayt,21,15,17,19,21,23,25,25,25,24,20,18,15
1045,Ndola,21,23,23,22,21,19,17,16,19,22,25,25,23
1046,Tucson,20,9,11,15,20,24,28,30,31,27,20,14,9
1047,Imus,,,,,,,,,,,,,
1048,Villavicencio,14,13,14,14,14,14,14,13,13,13,14,14,14
1049,Sakarya,,,,,,,,,,,,,
1050,Bamenda,27,28,29,29,28,28,27,26,26,26,27,28,28
1051,Shouguang,,,,,,,,,,,,,
1052,Utrecht,11,3,4,6,10,13,16,18,17,15,11,8,4
1053,Rajahmundry,29,25,27,29,31,33,32,30,30,30,29,27,25
1054,Novokuznetsk,2,-16,-13,-5,3,11,16,19,16,10,3,-7,-13
1055,Larkana,,,,,,,,,,,,,
1056,Basilan City,28,28,28,28,29,29,29,28,28,28,28,28,28
1057,Valledupar,29,29,29,30,30,29,30,30,30,29,29,28,29
1058,Chaoyang,,,,,,,,,,,,,
1059,Uige,25,27,27,28,28,27,23,22,22,23,25,27,27
1060,Hamhung,11,-3,-1,4,10,16,20,23,24,20,14,6,-2
1061,Sukkur,28,15,19,25,31,36,36,35,33,32,29,23,17
1062,Rayong,,,,,,,,,,,,,
1063,Port of Spain,28,26,27,27,28,28,28,28,28,28,28,28,27
1064,Kerman,17,5,7,12,17,22,26,28,25,22,17,11,7
1065,Abeokuta,28,28,29,30,29,28,27,26,26,26,27,28,28
1066,Mekele,,,,,,,,,,,,,
1067,Yongkang,,,,,,,,,,,,,
1068,Edinburgh,9,4,4,6,8,10,13,15,15,13,10,6,4
1069,Haining,,,,,,,,,,,,,
1070,San Juan,,,,,,,,,,,,,
1071,Ryazan,6,-10,-9,-2,6,15,17,20,19,12,5,0,-5
1072,Vilnius,7,-4,-3,1,7,13,16,18,17,12,7,2,-2
1073,Taishan,,,,,,,,,,,,,
1074,Calamba,,,,,,,,,,,,,
1075,Mesa,23,13,15,18,22,27,32,34,34,31,24,18,13
1076,Hannover,10,2,3,5,9,13,16,19,18,15,10,6,3
1077,Fresno,18,9,11,14,17,21,25,28,28,25,19,13,8
1078,Chuzhou,,,,,,,,,,,,,
1079,Namangan,15,0,3,11,18,23,27,29,28,22,16,8,2
1080,Pingdu,,,,,,,,,,,,,
1081,Al-Mukalla,26,22,23,24,26,28,29,28,27,28,26,25,24
1082,Qingzhou,,,,,,,,,,,,,
1083,Longkou,,,,,,,,,,,,,
1084,Naberezhnye Tchelny,5,-13,-12,-4,6,14,19,20,19,12,5,-2,-8
1085,Astrakhan,11,-5,-4,4,11,19,25,26,26,19,11,4,-1
1086,Santa Marta,23,23,23,23,22,22,22,23,23,23,22,22,22
1087,Ambon,27,28,27,28,27,27,26,25,25,26,27,28,28
1088,Bellary,,,,,,,,,,,,,
1089,Diwaniyah,,,,,,,,,,,,,
1090,Pietermaritzburg,17,21,22,20,17,15,12,12,14,17,18,18,20
1091,Rustenburg,20,24,24,23,19,16,13,13,15,20,23,23,24
1092,Heyuan,,,,,,,,,,,,,
1093,Yanshi,,,,,,,,,,,,,
1094,Al-Raqqa,,,,,,,,,,,,,
1095,Surakarta,28,27,27,28,28,29,28,28,28,29,29,29,28
1096,Dali,,,,,,,,,,,,,
1097,Sheikhupura,,,,,,,,,,,,,
1098,Changning,,,,,,,,,,,,,
1099,Grenoble,11,3,4,7,10,15,18,20,20,16,13,7,3
1100,Puerto Vallarta,26,22,22,23,24,26,28,28,29,28,28,26,23
1101,Balashikha,,,,,,,,,,,,,
1102,Angeles City,27,25,26,27,28,28,28,27,27,27,27,27,26
1103,Gombe,29,26,29,33,34,31,29,28,27,27,29,29,26
1104,Hosur,,,,,,,,,,,,,
1105,Poznan,9,0,1,4,9,14,17,19,19,14,9,4,1
1106,Gongyi,,,,,,,,,,,,,
1107,Van,,,,,,,,,,,,,
1108,Gaoyou,,,,,,,,,,,,,
1109,Shizuishan,,,,,,,,,,,,,
1110,El Djelfa,20,10,11,14,19,23,28,32,32,26,21,14,10
1111,Kikwit,,,,,,,,,,,,,
1112,Ar-Rusayfah,,,,,,,,,,,,,
1113,Vale do Aco,27,27,27,27,27,26,26,25,27,28,28,27,27
1114,Cuautla Morelos,,,,,,,,,,,,,
1115,Sacramento,16,8,11,13,15,19,22,24,24,22,18,12,8
1116,Kalasin,,,,,,,,,,,,,
1117,Shangyu,,,,,,,,,,,,,
1118,Atlanta,17,6,8,12,16,21,25,27,26,23,17,11,7
1119,Al-Mahallah al-Kubra,,,,,,,,,,,,,
1120,Loum,,,,,,,,,,,,,
1121,Laixi,,,,,,,,,,,,,
1122,Kakinada,29,25,27,29,31,33,32,30,30,30,29,27,25
1123,Rupganj,,,,,,,,,,,,,
1124,Penza,5,-9,-9,-4,7,14,18,20,18,12,5,-2,-7
1125,Berbera,31,26,26,28,30,33,36,38,37,34,31,29,27
1126,Utsunomiya,14,3,4,7,12,17,21,25,26,22,17,11,6
1127,Porto Velho,,,,,,,,,,,,,
1128,Davanagere,,,,,,,,,,,,,
1129,Qianjiang,,,,,,,,,,,,,
1130,Chuxiong,,,,,,,,,,,,,
1131,Songyuan,,,,,,,,,,,,,
1132,Duisburg,11,3,4,7,10,14,16,19,18,15,11,7,4
1133,Nakhon Pathom,30,28,30,31,32,31,30,30,30,29,29,29,28
1134,Muzaffarpur,26,15,20,25,30,32,32,30,30,30,27,22,17
1135,Mataram,27,28,28,28,28,27,26,26,26,27,28,28,28
1136,Mbouda,,,,,,,,,,,,,
1137,Zinder,29,23,27,30,33,34,33,30,28,30,31,27,23
1138,Changge,,,,,,,,,,,,,
1139,Kirov,3,-13,-12,-4,4,13,17,19,17,11,3,-3,-9
1140,Kuantan,28,26,27,28,28,29,28,28,28,28,28,27,26
1141,Ziyang,,,,,,,,,,,,,
1142,Xingning,,,,,,,,,,,,,
1143,Kandahar,23,8,12,18,25,31,34,36,35,30,24,16,9
1144,Nurenberg,,,,,,,,,,,,,
1145,London CA,8,-5,-5,0,7,14,19,21,20,16,10,4,-2
1146,Eslamshahr,,,,,,,,,,,,,
1147,Bournemouth,,,,,,,,,,,,,
1148,Jinjiang,,,,,,,,,,,,,
1149,Khon-Kaen,28,23,26,29,30,30,30,29,28,28,27,26,24
1150,Cheboksary,6,-11,-10,-3,6,15,18,21,19,13,5,-1,-6
1151,Matsuyama,17,7,7,10,14,19,22,26,28,24,19,14,9
1152,Tanta,,,,,,,,,,,,,
1153,Shuangyashan,,,,,,,,,,,,,
1154,Lipetsk,7,-8,-8,-1,8,16,19,21,20,14,7,1,-4
1155,Karaganda,,,,,,,,,,,,,
1156,Changyi,,,,,,,,,,,,,
1157,Arusha,21,23,23,23,22,20,19,18,19,20,22,22,22
1158,Murcia,19,11,12,14,17,20,24,27,27,24,20,15,12
1159,Malatya,13,0,2,7,12,17,23,27,27,22,15,7,2
1160,Guang-an,,,,,,,,,,,,,
1161,Tirana,16,7,8,11,14,19,22,25,25,21,17,13,8
1162,Surat Thani,,,,,,,,,,,,,
1163,Kansas City,14,0,2,8,14,19,25,27,26,21,14,8,2
1164,Ubon Ratchathani,28,24,27,29,30,30,29,28,28,28,27,27,25
1165,Kolwezi,,,,,,,,,,,,,
1166,Kabinda,24,24,24,24,25,24,24,24,25,25,25,24,25
1167,Jianyang,,,,,,,,,,,,,
1168,Douai-Lens,,,,,,,,,,,,,
1169,Nanping,,,,,,,,,,,,,
